MunicipioCodigo,Municipio,Año,IRCA,Nivel de riesgo,IRCAurbano,Nivel de riesgo urbano,IRCArural,Nivel de riesgo rural
68001,Bucaramanga,2007,6.3,Riesgo bajo,6.8,Riesgo bajo,ND,ND
68001,Bucaramanga,2008,0,Sin riesgo,0.0,Sin riesgo,ND,ND
68001,Bucaramanga,2009,13.2,Riesgo bajo,13.2,Riesgo bajo,ND,ND
68001,Bucaramanga,2010,0,Sin riesgo,0.0,Sin riesgo,ND,ND
68001,Bucaramanga,2011,14.1,Riesgo medio,10.2,Riesgo bajo,81.9,Inviable sanitariamente
68001,Bucaramanga,2012,6.1,Riesgo bajo,2.5,Sin riesgo,22.2,Riesgo medio
68001,Bucaramanga,2013,0.6,Sin riesgo,0.7,Sin riesgo,0.0,Sin riesgo
68001,Bucaramanga,2014,1.2,Sin riesgo,1.3,Sin riesgo,0.0,Sin riesgo
68001,Bucaramanga,2015,2.7,Sin riesgo,2.8,Sin riesgo,0.0,Sin riesgo
68001,Bucaramanga,2016,0.5,Sin riesgo,0.6,Sin riesgo,0.0,Sin riesgo
68001,Bucaramanga,2017,0.2,Sin riesgo,0.2,Sin riesgo,0.0,Sin riesgo
68001,Bucaramanga,2018,0.1,Sin riesgo,0.1,Sin riesgo,0.2,Sin riesgo
68001,Bucaramanga,2019,0.5,Sin riesgo,0.4,Sin riesgo,0.0,Sin riesgo
68001,Bucaramanga,2020,0,Sin riesgo,0.0,Sin riesgo,ND,ND
68001,Bucaramanga,2021,0,Sin riesgo,0.0,Sin riesgo,ND,ND
68001,Bucaramanga,2022,0.1,Sin riesgo,0.1,Sin riesgo,ND,ND
68001,Bucaramanga,2023,0.5,Sin riesgo,0.5,Sin riesgo,ND,ND
68013,Aguada,2007,19.4,Riesgo medio,19.4,Riesgo medio,ND,ND
68013,Aguada,2008,46.9,Riesgo alto,46.9,Riesgo alto,ND,ND
68013,Aguada,2009,32.5,Riesgo medio,0.0,Sin riesgo,65.0,Riesgo alto
68013,Aguada,2010,31.1,Riesgo medio,31.1,Riesgo medio,ND,ND
68013,Aguada,2011,39.2,Riesgo alto,39.2,Riesgo alto,ND,ND
68013,Aguada,2012,22.2,Riesgo medio,22.2,Riesgo medio,22.2,Riesgo medio
68013,Aguada,2013,22.8,Riesgo medio,25.3,Riesgo medio,1.1,Sin riesgo
68013,Aguada,2014,31.6,Riesgo medio,29.0,Riesgo medio,55.8,Riesgo alto
68013,Aguada,2015,9.9,Riesgo bajo,9.9,Riesgo bajo,ND,ND
68013,Aguada,2016,16.1,Riesgo medio,16.1,Riesgo medio,ND,ND
68013,Aguada,2017,59.1,Riesgo alto,62.1,Riesgo alto,73.9,Riesgo alto
68013,Aguada,2018,37.3,Riesgo alto,37.3,Riesgo alto,ND,ND
68013,Aguada,2019,26.8,Riesgo medio,ND,ND,ND,ND
68013,Aguada,2020,20,Riesgo medio,20.0,Riesgo medio,ND,ND
68013,Aguada,2021,3.8,Sin riesgo,3.8,Sin riesgo,ND,ND
68013,Aguada,2023,9.2,Riesgo bajo,9.2,Riesgo bajo,ND,ND
68020,Albania,2007,0,Sin riesgo,0.0,Sin riesgo,ND,ND
68020,Albania,2008,58,Riesgo alto,58.0,Riesgo alto,ND,ND
68020,Albania,2009,24.4,Riesgo medio,24.4,Riesgo medio,ND,ND
68020,Albania,2010,48.5,Riesgo alto,48.5,Riesgo alto,ND,ND
68020,Albania,2011,40.7,Riesgo alto,40.7,Riesgo alto,ND,ND
68020,Albania,2012,14,Riesgo bajo,15.7,Riesgo medio,9.7,Riesgo bajo
68020,Albania,2013,23,Riesgo medio,16.6,Riesgo medio,48.5,Riesgo alto
68020,Albania,2014,30.8,Riesgo medio,32.7,Riesgo medio,19.3,Riesgo medio
68020,Albania,2015,32,Riesgo medio,32.0,Riesgo medio,ND,ND
68020,Albania,2016,20.1,Riesgo medio,20.1,Riesgo medio,ND,ND
68020,Albania,2017,8.6,Riesgo bajo,8.6,Riesgo bajo,ND,ND
68020,Albania,2018,6,Riesgo bajo,6.0,Riesgo bajo,ND,ND
68020,Albania,2019,0,Sin riesgo,0.0,Sin riesgo,0.0,Sin riesgo
68020,Albania,2020,0,Sin riesgo,0.0,Sin riesgo,ND,ND
68020,Albania,2021,7.5,Riesgo bajo,7.5,Riesgo bajo,ND,ND
68020,Albania,2022,9.3,Riesgo bajo,9.3,Riesgo bajo,ND,ND
68020,Albania,2023,3.7,Sin riesgo,3.7,Sin riesgo,ND,ND
68051,Aratoca,2007,29.3,Riesgo medio,29.3,Riesgo medio,ND,ND
68051,Aratoca,2008,48.1,Riesgo alto,37.1,Riesgo alto,58.5,Riesgo alto
68051,Aratoca,2009,6,Riesgo bajo,8.6,Riesgo bajo,0.0,Sin riesgo
68051,Aratoca,2010,51.9,Riesgo alto,51.9,Riesgo alto,ND,ND
68051,Aratoca,2011,40.2,Riesgo alto,40.2,Riesgo alto,ND,ND
68051,Aratoca,2012,18.8,Riesgo medio,18.8,Riesgo medio,ND,ND
68051,Aratoca,2013,9.9,Riesgo bajo,9.9,Riesgo bajo,ND,ND
68051,Aratoca,2014,11.1,Riesgo bajo,11.1,Riesgo bajo,ND,ND
68051,Aratoca,2015,31.9,Riesgo medio,30.0,Riesgo medio,ND,ND
68051,Aratoca,2016,18.7,Riesgo medio,18.7,Riesgo medio,ND,ND
68051,Aratoca,2017,9.8,Riesgo bajo,9.8,Riesgo bajo,ND,ND
68051,Aratoca,2018,2.5,Sin riesgo,2.5,Sin riesgo,ND,ND
68051,Aratoca,2019,6.3,Riesgo bajo,24.7,Riesgo medio,ND,ND
68051,Aratoca,2020,31.9,Riesgo medio,ND,ND,31.9,Riesgo medio
68051,Aratoca,2021,5.9,Riesgo bajo,5.9,Riesgo bajo,ND,ND
68051,Aratoca,2023,11.9,Riesgo bajo,11.9,Riesgo bajo,ND,ND
68077,Barbosa,2007,19.5,Riesgo medio,19.5,Riesgo medio,ND,ND
68077,Barbosa,2008,29.1,Riesgo medio,29.1,Riesgo medio,ND,ND
68077,Barbosa,2009,5.3,Riesgo bajo,6.8,Riesgo bajo,0.6,Sin riesgo
68077,Barbosa,2011,9.3,Riesgo bajo,10.5,Riesgo bajo,0.0,Sin riesgo
68077,Barbosa,2012,14.5,Riesgo medio,15.5,Riesgo medio,0.0,Sin riesgo
68077,Barbosa,2013,4.9,Sin riesgo,2.1,Sin riesgo,17.0,Riesgo medio
68077,Barbosa,2014,12.7,Riesgo bajo,12.0,Riesgo bajo,16.3,Riesgo medio
68077,Barbosa,2015,31,Riesgo medio,34.4,Riesgo medio,18.5,Riesgo medio
68077,Barbosa,2016,14.2,Riesgo medio,11.8,Riesgo bajo,0.0,Sin riesgo
68077,Barbosa,2017,13.4,Riesgo bajo,10.6,Riesgo bajo,0.0,Sin riesgo
68077,Barbosa,2018,9.7,Riesgo bajo,10.8,Riesgo bajo,5.5,Riesgo bajo
68077,Barbosa,2019,9,Riesgo bajo,0.0,Sin riesgo,0.0,Sin riesgo
68077,Barbosa,2020,13.5,Riesgo bajo,14.6,Riesgo medio,11.8,Riesgo bajo
68077,Barbosa,2021,1,Sin riesgo,1.1,Sin riesgo,0.7,Sin riesgo
68077,Barbosa,2022,4.5,Sin riesgo,3.0,Sin riesgo,20.9,Riesgo medio
68077,Barbosa,2023,6.9,Riesgo bajo,5.0,Sin riesgo,24.4,Riesgo medio
68079,Barichara,2007,35.2,Riesgo alto,43.7,Riesgo alto,15.3,Riesgo medio
68079,Barichara,2008,8.9,Riesgo bajo,7.9,Riesgo bajo,19.9,Riesgo medio
68079,Barichara,2009,10.3,Riesgo bajo,8.9,Riesgo bajo,24.4,Riesgo medio
68079,Barichara,2010,0,Sin riesgo,0.0,Sin riesgo,ND,ND
68079,Barichara,2011,4.5,Sin riesgo,4.5,Sin riesgo,ND,ND
68079,Barichara,2012,4.5,Sin riesgo,4.5,Sin riesgo,ND,ND
68079,Barichara,2013,1.3,Sin riesgo,1.3,Sin riesgo,ND,ND
68079,Barichara,2014,3.4,Sin riesgo,3.4,Sin riesgo,ND,ND
68079,Barichara,2015,4.4,Sin riesgo,4.4,Sin riesgo,ND,ND
68079,Barichara,2016,2.3,Sin riesgo,2.3,Sin riesgo,ND,ND
68079,Barichara,2017,0,Sin riesgo,0.0,Sin riesgo,ND,ND
68079,Barichara,2018,2.3,Sin riesgo,2.3,Sin riesgo,ND,ND
68079,Barichara,2019,0.6,Sin riesgo,1.0,Sin riesgo,ND,ND
68079,Barichara,2020,0,Sin riesgo,ND,ND,0.0,Sin riesgo
68079,Barichara,2021,5,Sin riesgo,5.0,Sin riesgo,ND,ND
68079,Barichara,2023,37.6,Riesgo alto,6.0,Riesgo bajo,95.5,Inviable sanitariamente
68081,Barrancabermeja,2007,0,Sin riesgo,0.0,Sin riesgo,ND,ND
68081,Barrancabermeja,2008,2.6,Sin riesgo,2.7,Sin riesgo,1.9,Sin riesgo
68081,Barrancabermeja,2009,8.7,Riesgo bajo,6.0,Riesgo bajo,23.5,Riesgo medio
68081,Barrancabermeja,2010,4.4,Sin riesgo,0.2,Sin riesgo,31.3,Riesgo medio
68081,Barrancabermeja,2011,1.5,Sin riesgo,1.1,Sin riesgo,6.1,Riesgo bajo
68081,Barrancabermeja,2012,0.8,Sin riesgo,0.8,Sin riesgo,0.4,Sin riesgo
68081,Barrancabermeja,2013,0.9,Sin riesgo,0.9,Sin riesgo,1.8,Sin riesgo
68081,Barrancabermeja,2014,2.2,Sin riesgo,2.0,Sin riesgo,ND,ND
68081,Barrancabermeja,2015,2.3,Sin riesgo,2.5,Sin riesgo,ND,ND
68081,Barrancabermeja,2016,8.7,Riesgo bajo,9.0,Riesgo bajo,0.0,Sin riesgo
68081,Barrancabermeja,2017,3.4,Sin riesgo,2.7,Sin riesgo,18.2,Riesgo medio
68081,Barrancabermeja,2018,1.5,Sin riesgo,1.2,Sin riesgo,2.7,Sin riesgo
68081,Barrancabermeja,2019,2.3,Sin riesgo,2.9,Sin riesgo,0.0,Sin riesgo
68081,Barrancabermeja,2020,0.2,Sin riesgo,0.0,Sin riesgo,0.4,Sin riesgo
68081,Barrancabermeja,2021,1.6,Sin riesgo,1.6,Sin riesgo,ND,ND
68081,Barrancabermeja,2022,2.6,Sin riesgo,2.6,Sin riesgo,ND,ND
68081,Barrancabermeja,2023,3.1,Sin riesgo,3.1,Sin riesgo,ND,ND
68092,Betulia,2007,52.1,Riesgo alto,54.8,Riesgo alto,35.8,Riesgo alto
68092,Betulia,2008,39.9,Riesgo alto,39.9,Riesgo alto,ND,ND
68092,Betulia,2009,35.7,Riesgo alto,23.0,Riesgo medio,53.3,Riesgo alto
68092,Betulia,2010,68.1,Riesgo alto,ND,ND,68.1,Riesgo alto
68092,Betulia,2011,31,Riesgo medio,32.5,Riesgo medio,49.4,Riesgo alto
68092,Betulia,2012,19.8,Riesgo medio,15.3,Riesgo medio,30.9,Riesgo medio
68092,Betulia,2013,17.2,Riesgo medio,13.0,Riesgo bajo,23.1,Riesgo medio
68092,Betulia,2014,7.5,Riesgo bajo,9.3,Riesgo bajo,ND,ND
68092,Betulia,2015,8,Riesgo bajo,8.4,Riesgo bajo,ND,ND
68092,Betulia,2016,20.7,Riesgo medio,23.3,Riesgo medio,ND,ND
68092,Betulia,2017,9.2,Riesgo bajo,7.2,Riesgo bajo,ND,ND
68092,Betulia,2018,2.1,Sin riesgo,2.1,Sin riesgo,ND,ND
68092,Betulia,2019,10.1,Riesgo bajo,0.0,Sin riesgo,ND,ND
68092,Betulia,2020,0,Sin riesgo,ND,ND,0.0,Sin riesgo
68092,Betulia,2021,2.1,Sin riesgo,2.1,Sin riesgo,ND,ND
68092,Betulia,2023,2,Sin riesgo,2.0,Sin riesgo,ND,ND
68101,Bolívar,2007,23.9,Riesgo medio,23.9,Riesgo medio,ND,ND
68101,Bolívar,2008,50.5,Riesgo alto,54.4,Riesgo alto,30.7,Riesgo medio
68101,Bolívar,2009,0.6,Sin riesgo,1.2,Sin riesgo,0.0,Sin riesgo
68101,Bolívar,2011,8.5,Riesgo bajo,8.5,Riesgo bajo,ND,ND
68101,Bolívar,2012,0.7,Sin riesgo,0.7,Sin riesgo,ND,ND
68101,Bolívar,2013,6.6,Riesgo bajo,7.5,Riesgo bajo,ND,ND
68101,Bolívar,2014,5.6,Riesgo bajo,0.7,Sin riesgo,2.3,Sin riesgo
68101,Bolívar,2015,4.8,Sin riesgo,9.3,Riesgo bajo,ND,ND
68101,Bolívar,2016,6.3,Riesgo bajo,9.1,Riesgo bajo,ND,ND
68101,Bolívar,2017,5.6,Riesgo bajo,4.0,Sin riesgo,ND,ND
68101,Bolívar,2018,3.9,Sin riesgo,3.9,Sin riesgo,ND,ND
68101,Bolívar,2019,0.3,Sin riesgo,0.0,Sin riesgo,ND,ND
68101,Bolívar,2020,0,Sin riesgo,0.0,Sin riesgo,ND,ND
68101,Bolívar,2021,15.9,Riesgo medio,15.9,Riesgo medio,ND,ND
68101,Bolívar,2022,18.5,Riesgo medio,18.5,Riesgo medio,ND,ND
68101,Bolívar,2023,11.3,Riesgo bajo,11.3,Riesgo bajo,ND,ND
68121,Cabrera,2007,45.1,Riesgo alto,45.1,Riesgo alto,ND,ND
68121,Cabrera,2008,31.6,Riesgo medio,31.6,Riesgo medio,ND,ND
68121,Cabrera,2009,19.7,Riesgo medio,27.8,Riesgo medio,8.4,Riesgo bajo
68121,Cabrera,2010,27.1,Riesgo medio,27.1,Riesgo medio,ND,ND
68121,Cabrera,2011,24.4,Riesgo medio,22.7,Riesgo medio,44.4,Riesgo alto
68121,Cabrera,2012,15.4,Riesgo medio,15.4,Riesgo medio,ND,ND
68121,Cabrera,2013,32.9,Riesgo medio,13.5,Riesgo bajo,71.7,Riesgo alto
68121,Cabrera,2014,5.5,Riesgo bajo,5.5,Riesgo bajo,ND,ND
68121,Cabrera,2015,7,Riesgo bajo,7.0,Riesgo bajo,ND,ND
68121,Cabrera,2016,22.8,Riesgo medio,22.8,Riesgo medio,ND,ND
68121,Cabrera,2017,15,Riesgo medio,15.0,Riesgo medio,ND,ND
68121,Cabrera,2018,6.9,Riesgo bajo,6.9,Riesgo bajo,ND,ND
68121,Cabrera,2019,6,Riesgo bajo,6.6,Riesgo bajo,ND,ND
68121,Cabrera,2020,0,Sin riesgo,ND,ND,0.0,Sin riesgo
68121,Cabrera,2021,9.5,Riesgo bajo,9.5,Riesgo bajo,ND,ND
68121,Cabrera,2022,8.7,Riesgo bajo,8.7,Riesgo bajo,ND,ND
68121,Cabrera,2023,4.5,Sin riesgo,4.5,Sin riesgo,ND,ND
68132,California,2007,20.5,Riesgo medio,20.5,Riesgo medio,ND,ND
68132,California,2008,1,Sin riesgo,1.0,Sin riesgo,ND,ND
68132,California,2009,2.6,Sin riesgo,3.2,Sin riesgo,0.0,Sin riesgo
68132,California,2010,0,Sin riesgo,0.0,Sin riesgo,ND,ND
68132,California,2011,11.8,Riesgo bajo,7.5,Riesgo bajo,59.3,Riesgo alto
68132,California,2012,3.5,Sin riesgo,3.7,Sin riesgo,0.0,Sin riesgo
68132,California,2013,0.4,Sin riesgo,0.6,Sin riesgo,0.0,Sin riesgo
68132,California,2014,6.8,Riesgo bajo,6.8,Riesgo bajo,ND,ND
68132,California,2015,4.4,Sin riesgo,4.4,Sin riesgo,ND,ND
68132,California,2016,10,Riesgo bajo,10.0,Riesgo bajo,ND,ND
68132,California,2017,15.6,Riesgo medio,7.3,Riesgo bajo,ND,ND
68132,California,2018,4.8,Sin riesgo,5.1,Riesgo bajo,1.3,Sin riesgo
68132,California,2019,16.8,Riesgo medio,16.8,Riesgo medio,ND,ND
68132,California,2020,3.9,Sin riesgo,ND,ND,3.9,Sin riesgo
68132,California,2021,5.1,Riesgo bajo,5.1,Riesgo bajo,ND,ND
68132,California,2023,8.2,Riesgo bajo,8.2,Riesgo bajo,ND,ND
68147,Capitanejo,2007,29.8,Riesgo medio,26.3,Riesgo medio,49.2,Riesgo alto
68147,Capitanejo,2008,39.1,Riesgo alto,36.7,Riesgo alto,65.0,Riesgo alto
68147,Capitanejo,2009,67.6,Riesgo alto,35.3,Riesgo alto,100.0,Inviable sanitariamente
68147,Capitanejo,2010,41.5,Riesgo alto,41.5,Riesgo alto,ND,ND
68147,Capitanejo,2011,29.1,Riesgo medio,29.1,Riesgo medio,ND,ND
68147,Capitanejo,2012,18.3,Riesgo medio,22.0,Riesgo medio,0.0,Sin riesgo
68147,Capitanejo,2013,7,Riesgo bajo,10.1,Riesgo bajo,0.0,Sin riesgo
68147,Capitanejo,2014,13.5,Riesgo bajo,18.2,Riesgo medio,5.7,Riesgo bajo
68147,Capitanejo,2015,27.1,Riesgo medio,27.0,Riesgo medio,27.2,Riesgo medio
68147,Capitanejo,2016,15.3,Riesgo medio,17.8,Riesgo medio,11.0,Riesgo bajo
68147,Capitanejo,2017,0,Sin riesgo,0.0,Sin riesgo,0.0,Sin riesgo
68147,Capitanejo,2018,2,Sin riesgo,2.0,Sin riesgo,ND,ND
68147,Capitanejo,2019,2.4,Sin riesgo,ND,ND,ND,ND
68147,Capitanejo,2020,5.6,Riesgo bajo,ND,ND,5.6,Riesgo bajo
68147,Capitanejo,2021,31.7,Riesgo medio,31.7,Riesgo medio,ND,ND
68147,Capitanejo,2022,6.5,Riesgo bajo,6.5,Riesgo bajo,ND,ND
68147,Capitanejo,2023,9.2,Riesgo bajo,9.2,Riesgo bajo,ND,ND
68152,Carcasí,2007,21.8,Riesgo medio,15.6,Riesgo medio,64.6,Riesgo alto
68152,Carcasí,2008,23,Riesgo medio,23.0,Riesgo medio,ND,ND
68152,Carcasí,2009,9.9,Riesgo bajo,11.1,Riesgo bajo,0.0,Sin riesgo
68152,Carcasí,2010,8.5,Riesgo bajo,8.5,Riesgo bajo,ND,ND
68152,Carcasí,2011,46.4,Riesgo alto,46.4,Riesgo alto,ND,ND
68152,Carcasí,2012,12,Riesgo bajo,12.0,Riesgo bajo,ND,ND
68152,Carcasí,2013,8,Riesgo bajo,8.0,Riesgo bajo,ND,ND
68152,Carcasí,2014,17.6,Riesgo medio,17.6,Riesgo medio,ND,ND
68152,Carcasí,2015,8.9,Riesgo bajo,8.9,Riesgo bajo,ND,ND
68152,Carcasí,2016,26,Riesgo medio,26.0,Riesgo medio,ND,ND
68152,Carcasí,2017,10.6,Riesgo bajo,10.6,Riesgo bajo,ND,ND
68152,Carcasí,2018,4.7,Sin riesgo,4.7,Sin riesgo,ND,ND
68152,Carcasí,2019,2.2,Sin riesgo,0.0,Sin riesgo,ND,ND
68152,Carcasí,2020,2.1,Sin riesgo,ND,ND,2.1,Sin riesgo
68152,Carcasí,2021,21.2,Riesgo medio,21.2,Riesgo medio,ND,ND
68152,Carcasí,2022,7.3,Riesgo bajo,7.3,Riesgo bajo,ND,ND
68152,Carcasí,2023,0,Sin riesgo,0.0,Sin riesgo,ND,ND
68160,Cepitá,2007,0.4,Sin riesgo,0.4,Sin riesgo,ND,ND
68160,Cepitá,2008,10.2,Riesgo bajo,7.1,Riesgo bajo,44.7,Riesgo alto
68160,Cepitá,2009,12,Riesgo bajo,11.5,Riesgo bajo,13.0,Riesgo bajo
68160,Cepitá,2010,0.4,Sin riesgo,0.4,Sin riesgo,ND,ND
68160,Cepitá,2011,6.9,Riesgo bajo,4.4,Sin riesgo,66.7,Riesgo alto
68160,Cepitá,2012,3,Sin riesgo,3.0,Sin riesgo,3.6,Sin riesgo
68160,Cepitá,2013,7.7,Riesgo bajo,9.9,Riesgo bajo,0.0,Sin riesgo
68160,Cepitá,2014,4.2,Sin riesgo,2.7,Sin riesgo,11.2,Riesgo bajo
68160,Cepitá,2015,10.8,Riesgo bajo,10.8,Riesgo bajo,ND,ND
68160,Cepitá,2016,6,Riesgo bajo,7.2,Riesgo bajo,0.0,Sin riesgo
68160,Cepitá,2017,0,Sin riesgo,0.0,Sin riesgo,0.0,Sin riesgo
68160,Cepitá,2018,0.6,Sin riesgo,0.6,Sin riesgo,ND,ND
68160,Cepitá,2020,0,Sin riesgo,ND,ND,0.0,Sin riesgo
68160,Cepitá,2021,0.6,Sin riesgo,0.6,Sin riesgo,ND,ND
68160,Cepitá,2022,1,Sin riesgo,1.0,Sin riesgo,ND,ND
68160,Cepitá,2023,0.2,Sin riesgo,0.2,Sin riesgo,ND,ND
68162,Cerrito,2007,25.5,Riesgo medio,24.4,Riesgo medio,34.1,Riesgo medio
68162,Cerrito,2009,49.8,Riesgo alto,32.9,Riesgo medio,70.9,Riesgo alto
68162,Cerrito,2010,27.9,Riesgo medio,27.9,Riesgo medio,ND,ND
68162,Cerrito,2011,37.5,Riesgo alto,29.8,Riesgo medio,42.6,Riesgo alto
68162,Cerrito,2012,31.5,Riesgo medio,32.7,Riesgo medio,26.1,Riesgo medio
68162,Cerrito,2013,16.8,Riesgo medio,16.8,Riesgo medio,ND,ND
68162,Cerrito,2014,32.8,Riesgo medio,32.8,Riesgo medio,ND,ND
68162,Cerrito,2015,20.8,Riesgo medio,20.8,Riesgo medio,ND,ND
68162,Cerrito,2016,20.5,Riesgo medio,22.5,Riesgo medio,0.0,Sin riesgo
68162,Cerrito,2017,21,Riesgo medio,21.0,Riesgo medio,ND,ND
68162,Cerrito,2018,19.9,Riesgo medio,19.9,Riesgo medio,ND,ND
68162,Cerrito,2019,27.6,Riesgo medio,28.7,Riesgo medio,ND,ND
68162,Cerrito,2020,2.9,Sin riesgo,ND,ND,2.9,Sin riesgo
68162,Cerrito,2021,1.7,Sin riesgo,1.7,Sin riesgo,ND,ND
68162,Cerrito,2023,27.2,Riesgo medio,27.2,Riesgo medio,ND,ND
68167,Charalá,2007,0.2,Sin riesgo,0.2,Sin riesgo,ND,ND
68167,Charalá,2008,0.6,Sin riesgo,0.6,Sin riesgo,ND,ND
68167,Charalá,2009,3.1,Sin riesgo,3.8,Sin riesgo,0.0,Sin riesgo
68167,Charalá,2010,18.1,Riesgo medio,0.0,Sin riesgo,45.2,Riesgo alto
68167,Charalá,2011,32,Riesgo medio,12.1,Riesgo bajo,79.7,Riesgo alto
68167,Charalá,2012,0.7,Sin riesgo,0.7,Sin riesgo,ND,ND
68167,Charalá,2013,0.3,Sin riesgo,0.3,Sin riesgo,ND,ND
68167,Charalá,2014,2.6,Sin riesgo,2.6,Sin riesgo,ND,ND
68167,Charalá,2015,0,Sin riesgo,0.0,Sin riesgo,ND,ND
68167,Charalá,2016,10.3,Riesgo bajo,10.3,Riesgo bajo,ND,ND
68167,Charalá,2017,0,Sin riesgo,0.0,Sin riesgo,ND,ND
68167,Charalá,2018,0.4,Sin riesgo,0.4,Sin riesgo,ND,ND
68167,Charalá,2019,0,Sin riesgo,0.0,Sin riesgo,ND,ND
68167,Charalá,2020,0,Sin riesgo,ND,ND,0.0,Sin riesgo
68167,Charalá,2021,0,Sin riesgo,0.0,Sin riesgo,ND,ND
68167,Charalá,2022,0.7,Sin riesgo,0.7,Sin riesgo,ND,ND
68167,Charalá,2023,0.9,Sin riesgo,0.9,Sin riesgo,ND,ND
68169,Charta,2007,23.4,Riesgo medio,20.7,Riesgo medio,34.1,Riesgo medio
68169,Charta,2008,37.1,Riesgo alto,37.1,Riesgo alto,ND,ND
68169,Charta,2009,21.8,Riesgo medio,24.2,Riesgo medio,20.2,Riesgo medio
68169,Charta,2010,19.4,Riesgo medio,19.4,Riesgo medio,ND,ND
68169,Charta,2011,49.2,Riesgo alto,48.3,Riesgo alto,58.0,Riesgo alto
68169,Charta,2012,6.8,Riesgo bajo,6.8,Riesgo bajo,ND,ND
68169,Charta,2013,8,Riesgo bajo,8.0,Riesgo bajo,ND,ND
68169,Charta,2014,14.7,Riesgo medio,14.7,Riesgo medio,ND,ND
68169,Charta,2015,21.6,Riesgo medio,21.6,Riesgo medio,ND,ND
68169,Charta,2016,15.1,Riesgo medio,15.1,Riesgo medio,ND,ND
68169,Charta,2017,17.2,Riesgo medio,17.2,Riesgo medio,ND,ND
68169,Charta,2018,9.7,Riesgo bajo,9.7,Riesgo bajo,ND,ND
68169,Charta,2019,13.1,Riesgo bajo,10.9,Riesgo bajo,ND,ND
68169,Charta,2020,51,Riesgo alto,ND,ND,51.0,Riesgo alto
68169,Charta,2021,22.7,Riesgo medio,22.7,Riesgo medio,ND,ND
68169,Charta,2022,22.3,Riesgo medio,22.3,Riesgo medio,ND,ND
68169,Charta,2023,15.5,Riesgo medio,15.5,Riesgo medio,ND,ND
68176,Chima,2007,18.4,Riesgo medio,16.8,Riesgo medio,35.2,Riesgo alto
68176,Chima,2008,18.8,Riesgo medio,18.6,Riesgo medio,22.7,Riesgo medio
68176,Chima,2009,19.1,Riesgo medio,13.5,Riesgo bajo,28.9,Riesgo medio
68176,Chima,2010,38.9,Riesgo alto,38.9,Riesgo alto,ND,ND
68176,Chima,2011,7,Riesgo bajo,7.0,Riesgo bajo,ND,ND
68176,Chima,2012,15.2,Riesgo medio,15.2,Riesgo medio,ND,ND
68176,Chima,2013,10,Riesgo bajo,10.0,Riesgo bajo,ND,ND
68176,Chima,2014,14,Riesgo bajo,4.5,Sin riesgo,100.0,Inviable sanitariamente
68176,Chima,2015,11.7,Riesgo bajo,14.2,Riesgo medio,ND,ND
68176,Chima,2016,4.2,Sin riesgo,3.3,Sin riesgo,ND,ND
68176,Chima,2017,7.6,Riesgo bajo,5.1,Riesgo bajo,ND,ND
68176,Chima,2018,4.1,Sin riesgo,4.1,Sin riesgo,ND,ND
68176,Chima,2019,1.8,Sin riesgo,4.4,Sin riesgo,ND,ND
68176,Chima,2020,0,Sin riesgo,ND,ND,0.0,Sin riesgo
68176,Chima,2021,0.2,Sin riesgo,0.2,Sin riesgo,ND,ND
68176,Chima,2023,8.4,Riesgo bajo,8.4,Riesgo bajo,ND,ND
68179,Chipatá,2007,23.3,Riesgo medio,23.3,Riesgo medio,ND,ND
68179,Chipatá,2008,5.9,Riesgo bajo,5.9,Riesgo bajo,ND,ND
68179,Chipatá,2009,16.7,Riesgo medio,8.2,Riesgo bajo,36.7,Riesgo alto
68179,Chipatá,2010,20,Riesgo medio,20.0,Riesgo medio,ND,ND
68179,Chipatá,2011,18.4,Riesgo medio,14.3,Riesgo medio,68.1,Riesgo alto
68179,Chipatá,2012,16,Riesgo medio,16.0,Riesgo medio,ND,ND
68179,Chipatá,2013,5,Sin riesgo,5.0,Sin riesgo,ND,ND
68179,Chipatá,2014,6.7,Riesgo bajo,6.7,Riesgo bajo,ND,ND
68179,Chipatá,2015,0.2,Sin riesgo,0.2,Sin riesgo,ND,ND
68179,Chipatá,2016,9.9,Riesgo bajo,9.9,Riesgo bajo,ND,ND
68179,Chipatá,2017,8.8,Riesgo bajo,8.8,Riesgo bajo,ND,ND
68179,Chipatá,2018,5.8,Riesgo bajo,5.8,Riesgo bajo,ND,ND
68179,Chipatá,2019,6.4,Riesgo bajo,0.0,Sin riesgo,ND,ND
68179,Chipatá,2020,22.9,Riesgo medio,22.9,Riesgo medio,ND,ND
68179,Chipatá,2021,13.3,Riesgo bajo,13.3,Riesgo bajo,ND,ND
68179,Chipatá,2022,23.7,Riesgo medio,23.7,Riesgo medio,ND,ND
68179,Chipatá,2023,9.5,Riesgo bajo,9.5,Riesgo bajo,ND,ND
68190,Cimitarra,2007,21.5,Riesgo medio,21.5,Riesgo medio,ND,ND
68190,Cimitarra,2008,34.6,Riesgo medio,30.5,Riesgo medio,100.0,Inviable sanitariamente
68190,Cimitarra,2009,36.5,Riesgo alto,32.0,Riesgo medio,42.5,Riesgo alto
68190,Cimitarra,2010,23.2,Riesgo medio,23.2,Riesgo medio,ND,ND
68190,Cimitarra,2011,10.1,Riesgo bajo,10.6,Riesgo bajo,0.0,Sin riesgo
68190,Cimitarra,2012,6.8,Riesgo bajo,6.8,Riesgo bajo,ND,ND
68190,Cimitarra,2013,1.7,Sin riesgo,1.7,Sin riesgo,ND,ND
68190,Cimitarra,2014,15.7,Riesgo medio,15.7,Riesgo medio,ND,ND
68190,Cimitarra,2015,17,Riesgo medio,19.4,Riesgo medio,ND,ND
68190,Cimitarra,2016,23.9,Riesgo medio,29.8,Riesgo medio,ND,ND
68190,Cimitarra,2017,10.9,Riesgo bajo,9.9,Riesgo bajo,ND,ND
68190,Cimitarra,2018,4.4,Sin riesgo,4.6,Sin riesgo,1.3,Sin riesgo
68190,Cimitarra,2019,7.9,Riesgo bajo,9.2,Riesgo bajo,ND,ND
68190,Cimitarra,2020,0,Sin riesgo,0.0,Sin riesgo,ND,ND
68190,Cimitarra,2021,4.6,Sin riesgo,4.6,Sin riesgo,ND,ND
68190,Cimitarra,2023,1.5,Sin riesgo,0.0,Sin riesgo,7.5,Riesgo bajo
68207,Concepción,2007,15.3,Riesgo medio,12.2,Riesgo bajo,34.1,Riesgo medio
68207,Concepción,2008,43.9,Riesgo alto,46.8,Riesgo alto,17.2,Riesgo medio
68207,Concepción,2009,21.2,Riesgo medio,24.4,Riesgo medio,19.9,Riesgo medio
68207,Concepción,2010,35.5,Riesgo alto,21.2,Riesgo medio,92.6,Inviable sanitariamente
68207,Concepción,2011,26.3,Riesgo medio,24.2,Riesgo medio,31.0,Riesgo medio
68207,Concepción,2012,13.6,Riesgo bajo,12.7,Riesgo bajo,22.2,Riesgo medio
68207,Concepción,2013,10.4,Riesgo bajo,26.2,Riesgo medio,5.8,Riesgo bajo
68207,Concepción,2014,11.9,Riesgo bajo,11.9,Riesgo bajo,ND,ND
68207,Concepción,2015,24.6,Riesgo medio,25.6,Riesgo medio,17.0,Riesgo medio
68207,Concepción,2016,17.6,Riesgo medio,14.3,Riesgo medio,22.2,Riesgo medio
68207,Concepción,2017,17.4,Riesgo medio,13.0,Riesgo bajo,26.1,Riesgo medio
68207,Concepción,2018,8.9,Riesgo bajo,8.9,Riesgo bajo,ND,ND
68207,Concepción,2019,2.3,Sin riesgo,2.9,Sin riesgo,0.6,Sin riesgo
68207,Concepción,2020,22,Riesgo medio,ND,ND,22.0,Riesgo medio
68207,Concepción,2021,1,Sin riesgo,1.0,Sin riesgo,ND,ND
68207,Concepción,2022,12.5,Riesgo bajo,12.5,Riesgo bajo,ND,ND
68207,Concepción,2023,1.8,Sin riesgo,1.8,Sin riesgo,ND,ND
68209,Confines,2007,34,Riesgo medio,34.0,Riesgo medio,ND,ND
68209,Confines,2008,1,Sin riesgo,1.0,Sin riesgo,ND,ND
68209,Confines,2009,21.3,Riesgo medio,21.5,Riesgo medio,21.2,Riesgo medio
68209,Confines,2010,0.4,Sin riesgo,0.4,Sin riesgo,ND,ND
68209,Confines,2011,15.6,Riesgo medio,5.7,Riesgo bajo,67.6,Riesgo alto
68209,Confines,2012,3.6,Sin riesgo,3.6,Sin riesgo,ND,ND
68209,Confines,2013,21.2,Riesgo medio,26.5,Riesgo medio,0.0,Sin riesgo
68209,Confines,2014,17.2,Riesgo medio,17.2,Riesgo medio,ND,ND
68209,Confines,2015,8.5,Riesgo bajo,8.5,Riesgo bajo,ND,ND
68209,Confines,2016,19.1,Riesgo medio,19.1,Riesgo medio,ND,ND
68209,Confines,2017,0,Sin riesgo,0.0,Sin riesgo,ND,ND
68209,Confines,2018,0.2,Sin riesgo,0.2,Sin riesgo,ND,ND
68209,Confines,2019,0,Sin riesgo,0.0,Sin riesgo,ND,ND
68209,Confines,2020,7.6,Riesgo bajo,ND,ND,7.6,Riesgo bajo
68209,Confines,2021,2.4,Sin riesgo,2.4,Sin riesgo,ND,ND
68209,Confines,2023,4.2,Sin riesgo,4.2,Sin riesgo,ND,ND
68211,Contratación,2007,54.7,Riesgo alto,54.7,Riesgo alto,ND,ND
68211,Contratación,2008,41.4,Riesgo alto,41.4,Riesgo alto,ND,ND
68211,Contratación,2009,33.3,Riesgo medio,36.5,Riesgo alto,19.3,Riesgo medio
68211,Contratación,2010,40.5,Riesgo alto,32.4,Riesgo medio,62.2,Riesgo alto
68211,Contratación,2011,13.7,Riesgo bajo,10.1,Riesgo bajo,68.1,Riesgo alto
68211,Contratación,2012,7.4,Riesgo bajo,3.6,Sin riesgo,24.7,Riesgo medio
68211,Contratación,2013,8.7,Riesgo bajo,8.7,Riesgo bajo,ND,ND
68211,Contratación,2014,29.6,Riesgo medio,29.6,Riesgo medio,ND,ND
68211,Contratación,2015,23.4,Riesgo medio,23.4,Riesgo medio,ND,ND
68211,Contratación,2016,22.1,Riesgo medio,22.1,Riesgo medio,ND,ND
68211,Contratación,2017,5.6,Riesgo bajo,5.6,Riesgo bajo,ND,ND
68211,Contratación,2018,2.1,Sin riesgo,2.1,Sin riesgo,ND,ND
68211,Contratación,2019,15.9,Riesgo medio,15.9,Riesgo medio,ND,ND
68211,Contratación,2020,15.8,Riesgo medio,ND,ND,15.8,Riesgo medio
68211,Contratación,2021,1.7,Sin riesgo,1.7,Sin riesgo,ND,ND
68211,Contratación,2022,7.3,Riesgo bajo,7.3,Riesgo bajo,ND,ND
68211,Contratación,2023,8.5,Riesgo bajo,8.5,Riesgo bajo,ND,ND
68217,Coromoro,2007,47,Riesgo alto,47.0,Riesgo alto,ND,ND
68217,Coromoro,2008,14.2,Riesgo medio,6.9,Riesgo bajo,80.5,Inviable sanitariamente
68217,Coromoro,2009,43.8,Riesgo alto,40.3,Riesgo alto,45.0,Riesgo alto
68217,Coromoro,2010,59.7,Riesgo alto,59.3,Riesgo alto,60.0,Riesgo alto
68217,Coromoro,2011,44.7,Riesgo alto,46.3,Riesgo alto,40.7,Riesgo alto
68217,Coromoro,2012,40.2,Riesgo alto,43.0,Riesgo alto,34.6,Riesgo medio
68217,Coromoro,2013,26.2,Riesgo medio,26.2,Riesgo medio,ND,ND
68217,Coromoro,2014,22.2,Riesgo medio,22.2,Riesgo medio,ND,ND
68217,Coromoro,2015,27.5,Riesgo medio,27.5,Riesgo medio,ND,ND
68217,Coromoro,2016,13.9,Riesgo bajo,13.9,Riesgo bajo,ND,ND
68217,Coromoro,2017,15.2,Riesgo medio,21.1,Riesgo medio,0.0,Sin riesgo
68217,Coromoro,2018,1.4,Sin riesgo,1.1,Sin riesgo,1.6,Sin riesgo
68217,Coromoro,2019,16.8,Riesgo medio,ND,ND,ND,ND
68217,Coromoro,2020,7.5,Riesgo bajo,ND,ND,7.5,Riesgo bajo
68217,Coromoro,2021,20.7,Riesgo medio,20.7,Riesgo medio,ND,ND
68217,Coromoro,2022,3.1,Sin riesgo,3.1,Sin riesgo,ND,ND
68217,Coromoro,2023,0,Sin riesgo,0.0,Sin riesgo,ND,ND
68229,Curití,2007,9.4,Riesgo bajo,6.5,Riesgo bajo,100.0,Inviable sanitariamente
68229,Curití,2008,2.5,Sin riesgo,0.6,Sin riesgo,52.3,Riesgo alto
68229,Curití,2009,9.7,Riesgo bajo,0.0,Sin riesgo,12.5,Riesgo bajo
68229,Curití,2010,17.2,Riesgo medio,16.9,Riesgo medio,18.2,Riesgo medio
68229,Curití,2011,0,Sin riesgo,0.0,Sin riesgo,0.0,Sin riesgo
68229,Curití,2012,4.2,Sin riesgo,0.2,Sin riesgo,14.1,Riesgo medio
68229,Curití,2013,1.5,Sin riesgo,1.3,Sin riesgo,2.1,Sin riesgo
68229,Curití,2014,4.8,Sin riesgo,4.0,Sin riesgo,5.8,Riesgo bajo
68229,Curití,2015,13.9,Riesgo bajo,10.5,Riesgo bajo,27.4,Riesgo medio
68229,Curití,2016,11.4,Riesgo bajo,11.1,Riesgo bajo,11.5,Riesgo bajo
68229,Curití,2017,9.5,Riesgo bajo,8.0,Riesgo bajo,12.4,Riesgo bajo
68229,Curití,2018,2.7,Sin riesgo,4.1,Sin riesgo,0.0,Sin riesgo
68229,Curití,2019,4,Sin riesgo,6.0,Riesgo bajo,8.8,Riesgo bajo
68229,Curití,2020,14,Riesgo bajo,ND,ND,14.0,Riesgo bajo
68229,Curití,2021,0,Sin riesgo,0.0,Sin riesgo,0.0,Sin riesgo
68229,Curití,2022,15.9,Riesgo medio,ND,ND,15.9,Riesgo medio
68229,Curití,2023,4.5,Sin riesgo,5.8,Riesgo bajo,0.0,Sin riesgo
68235,El Carmen de Chucurí,2007,7.3,Riesgo bajo,7.3,Riesgo bajo,ND,ND
68235,El Carmen de Chucurí,2008,11.8,Riesgo bajo,11.8,Riesgo bajo,ND,ND
68235,El Carmen de Chucurí,2009,30,Riesgo medio,22.4,Riesgo medio,35.8,Riesgo alto
68235,El Carmen de Chucurí,2010,54.3,Riesgo alto,54.3,Riesgo alto,ND,ND
68235,El Carmen de Chucurí,2011,13.8,Riesgo bajo,17.0,Riesgo medio,10.1,Riesgo bajo
68235,El Carmen de Chucurí,2012,17.3,Riesgo medio,30.5,Riesgo medio,18.2,Riesgo medio
68235,El Carmen de Chucurí,2013,0.8,Sin riesgo,0.4,Sin riesgo,ND,ND
68235,El Carmen de Chucurí,2014,0,Sin riesgo,0.0,Sin riesgo,ND,ND
68235,El Carmen de Chucurí,2015,0.3,Sin riesgo,ND,ND,ND,ND
68235,El Carmen de Chucurí,2016,6.4,Riesgo bajo,0.0,Sin riesgo,ND,ND
68235,El Carmen de Chucurí,2017,5.5,Riesgo bajo,ND,ND,ND,ND
68235,El Carmen de Chucurí,2018,3.2,Sin riesgo,3.2,Sin riesgo,ND,ND
68235,El Carmen de Chucurí,2019,1.8,Sin riesgo,5.9,Riesgo bajo,ND,ND
68235,El Carmen de Chucurí,2020,1.8,Sin riesgo,4.6,Sin riesgo,0.0,Sin riesgo
68235,El Carmen de Chucurí,2021,3.4,Sin riesgo,3.6,Sin riesgo,0.0,Sin riesgo
68235,El Carmen de Chucurí,2022,24.8,Riesgo medio,9.0,Riesgo bajo,56.3,Riesgo alto
68235,El Carmen de Chucurí,2023,17.6,Riesgo medio,0.0,Sin riesgo,70.4,Riesgo alto
68245,El Guacamayo,2007,20.1,Riesgo medio,20.1,Riesgo medio,ND,ND
68245,El Guacamayo,2008,41.8,Riesgo alto,41.8,Riesgo alto,ND,ND
68245,El Guacamayo,2009,21.9,Riesgo medio,25.6,Riesgo medio,0.0,Sin riesgo
68245,El Guacamayo,2010,23.4,Riesgo medio,23.4,Riesgo medio,ND,ND
68245,El Guacamayo,2011,44.8,Riesgo alto,44.8,Riesgo alto,ND,ND
68245,El Guacamayo,2012,27.2,Riesgo medio,27.2,Riesgo medio,ND,ND
68245,El Guacamayo,2013,25.5,Riesgo medio,28.3,Riesgo medio,0.0,Sin riesgo
68245,El Guacamayo,2014,28.4,Riesgo medio,28.4,Riesgo medio,ND,ND
68245,El Guacamayo,2015,17.3,Riesgo medio,17.3,Riesgo medio,ND,ND
68245,El Guacamayo,2016,40.4,Riesgo alto,40.4,Riesgo alto,ND,ND
68245,El Guacamayo,2017,20,Riesgo medio,20.0,Riesgo medio,ND,ND
68245,El Guacamayo,2018,9.4,Riesgo bajo,9.4,Riesgo bajo,ND,ND
68245,El Guacamayo,2019,29.6,Riesgo medio,ND,ND,ND,ND
68245,El Guacamayo,2020,28.5,Riesgo medio,ND,ND,28.5,Riesgo medio
68245,El Guacamayo,2021,27.9,Riesgo medio,27.9,Riesgo medio,ND,ND
68245,El Guacamayo,2023,20,Riesgo medio,20.0,Riesgo medio,ND,ND
68250,El Peñón,2009,50,Riesgo alto,58.0,Riesgo alto,28.5,Riesgo medio
68250,El Peñón,2010,73.9,Riesgo alto,73.9,Riesgo alto,ND,ND
68250,El Peñón,2011,15.7,Riesgo medio,15.7,Riesgo medio,ND,ND
68250,El Peñón,2012,40.4,Riesgo alto,40.4,Riesgo alto,ND,ND
68250,El Peñón,2013,33.8,Riesgo medio,33.8,Riesgo medio,ND,ND
68250,El Peñón,2014,40.7,Riesgo alto,40.7,Riesgo alto,ND,ND
68250,El Peñón,2015,18.1,Riesgo medio,18.1,Riesgo medio,ND,ND
68250,El Peñón,2016,21.1,Riesgo medio,21.1,Riesgo medio,ND,ND
68250,El Peñón,2017,23.9,Riesgo medio,23.9,Riesgo medio,ND,ND
68250,El Peñón,2018,12.1,Riesgo bajo,12.1,Riesgo bajo,ND,ND
68250,El Peñón,2019,16.3,Riesgo medio,ND,ND,ND,ND
68250,El Peñón,2020,14.6,Riesgo medio,14.6,Riesgo medio,ND,ND
68250,El Peñón,2021,33.7,Riesgo medio,33.7,Riesgo medio,ND,ND
68250,El Peñón,2022,39,Riesgo alto,39.0,Riesgo alto,ND,ND
68250,El Peñón,2023,24.9,Riesgo medio,24.9,Riesgo medio,ND,ND
68255,El Playón,2007,47.7,Riesgo alto,47.1,Riesgo alto,62.5,Riesgo alto
68255,El Playón,2008,40.3,Riesgo alto,40.3,Riesgo alto,ND,ND
68255,El Playón,2009,26,Riesgo medio,18.2,Riesgo medio,65.0,Riesgo alto
68255,El Playón,2010,37.9,Riesgo alto,37.9,Riesgo alto,ND,ND
68255,El Playón,2011,23.8,Riesgo medio,20.0,Riesgo medio,81.5,Inviable sanitariamente
68255,El Playón,2012,46.4,Riesgo alto,44.5,Riesgo alto,50.0,Riesgo alto
68255,El Playón,2013,43.4,Riesgo alto,39.0,Riesgo alto,73.9,Riesgo alto
68255,El Playón,2014,42.7,Riesgo alto,42.7,Riesgo alto,ND,ND
68255,El Playón,2015,50.4,Riesgo alto,50.4,Riesgo alto,ND,ND
68255,El Playón,2016,39.5,Riesgo alto,39.5,Riesgo alto,ND,ND
68255,El Playón,2017,58.1,Riesgo alto,58.1,Riesgo alto,ND,ND
68255,El Playón,2018,57.6,Riesgo alto,57.6,Riesgo alto,ND,ND
68255,El Playón,2019,59.1,Riesgo alto,59.5,Riesgo alto,ND,ND
68255,El Playón,2020,80,Riesgo alto,ND,ND,80.0,Riesgo alto
68255,El Playón,2021,42.8,Riesgo alto,42.8,Riesgo alto,ND,ND
68255,El Playón,2023,41.8,Riesgo alto,37.5,Riesgo alto,93.9,Inviable sanitariamente
68264,Encino,2007,20.5,Riesgo medio,19.1,Riesgo medio,37.5,Riesgo alto
68264,Encino,2008,19.2,Riesgo medio,19.2,Riesgo medio,ND,ND
68264,Encino,2009,22.6,Riesgo medio,18.4,Riesgo medio,52.3,Riesgo alto
68264,Encino,2010,70.6,Riesgo alto,70.6,Riesgo alto,ND,ND
68264,Encino,2011,18.1,Riesgo medio,18.1,Riesgo medio,ND,ND
68264,Encino,2012,15.1,Riesgo medio,15.1,Riesgo medio,ND,ND
68264,Encino,2013,70.4,Riesgo alto,70.4,Riesgo alto,ND,ND
68264,Encino,2014,28.7,Riesgo medio,28.7,Riesgo medio,ND,ND
68264,Encino,2015,17.5,Riesgo medio,16.9,Riesgo medio,ND,ND
68264,Encino,2016,13,Riesgo bajo,17.3,Riesgo medio,ND,ND
68264,Encino,2017,19.5,Riesgo medio,17.6,Riesgo medio,ND,ND
68264,Encino,2018,14.9,Riesgo medio,14.9,Riesgo medio,ND,ND
68264,Encino,2019,0,Sin riesgo,0.0,Sin riesgo,ND,ND
68264,Encino,2020,0,Sin riesgo,ND,ND,0.0,Sin riesgo
68264,Encino,2023,9.4,Riesgo bajo,9.4,Riesgo bajo,ND,ND
68266,Enciso,2007,50.7,Riesgo alto,51.9,Riesgo alto,37.5,Riesgo alto
68266,Enciso,2008,51.4,Riesgo alto,53.7,Riesgo alto,37.5,Riesgo alto
68266,Enciso,2009,49.3,Riesgo alto,34.4,Riesgo medio,70.7,Riesgo alto
68266,Enciso,2010,25,Riesgo medio,25.0,Riesgo medio,ND,ND
68266,Enciso,2011,18.8,Riesgo medio,18.8,Riesgo medio,ND,ND
68266,Enciso,2012,24.8,Riesgo medio,21.1,Riesgo medio,76.4,Riesgo alto
68266,Enciso,2013,27.2,Riesgo medio,24.7,Riesgo medio,44.9,Riesgo alto
68266,Enciso,2014,16.2,Riesgo medio,15.8,Riesgo medio,19.4,Riesgo medio
68266,Enciso,2015,17,Riesgo medio,12.0,Riesgo bajo,57.1,Riesgo alto
68266,Enciso,2016,14.3,Riesgo medio,14.3,Riesgo medio,ND,ND
68266,Enciso,2017,0.4,Sin riesgo,0.7,Sin riesgo,ND,ND
68266,Enciso,2018,3.1,Sin riesgo,3.1,Sin riesgo,ND,ND
68266,Enciso,2019,0,Sin riesgo,0.0,Sin riesgo,ND,ND
68266,Enciso,2020,3.8,Sin riesgo,ND,ND,3.8,Sin riesgo
68266,Enciso,2021,0.2,Sin riesgo,0.2,Sin riesgo,ND,ND
68266,Enciso,2023,0.3,Sin riesgo,0.3,Sin riesgo,ND,ND
68271,Florián,2007,43.7,Riesgo alto,47.9,Riesgo alto,39.6,Riesgo alto
68271,Florián,2008,39.6,Riesgo alto,47.1,Riesgo alto,24.5,Riesgo medio
68271,Florián,2009,60.9,Riesgo alto,75.6,Riesgo alto,54.6,Riesgo alto
68271,Florián,2010,18.2,Riesgo medio,18.2,Riesgo medio,ND,ND
68271,Florián,2011,75,Riesgo alto,74.2,Riesgo alto,83.8,Inviable sanitariamente
68271,Florián,2012,32.6,Riesgo medio,32.6,Riesgo medio,ND,ND
68271,Florián,2013,26.2,Riesgo medio,26.3,Riesgo medio,26.1,Riesgo medio
68271,Florián,2014,34.5,Riesgo medio,34.6,Riesgo medio,34.1,Riesgo medio
68271,Florián,2015,40.6,Riesgo alto,40.6,Riesgo alto,ND,ND
68271,Florián,2016,29.9,Riesgo medio,29.9,Riesgo medio,ND,ND
68271,Florián,2017,28.8,Riesgo medio,34.8,Riesgo medio,18.2,Riesgo medio
68271,Florián,2018,30.3,Riesgo medio,30.3,Riesgo medio,ND,ND
68271,Florián,2019,23.9,Riesgo medio,0.0,Sin riesgo,ND,ND
68271,Florián,2020,21.4,Riesgo medio,ND,ND,21.4,Riesgo medio
68271,Florián,2021,16.5,Riesgo medio,16.5,Riesgo medio,ND,ND
68271,Florián,2022,13.4,Riesgo bajo,13.4,Riesgo bajo,ND,ND
68271,Florián,2023,15.9,Riesgo medio,15.9,Riesgo medio,ND,ND
68276,Floridablanca,2007,3.6,Sin riesgo,3.7,Sin riesgo,0.0,Sin riesgo
68276,Floridablanca,2008,0,Sin riesgo,0.0,Sin riesgo,ND,ND
68276,Floridablanca,2009,28,Riesgo medio,2.4,Sin riesgo,40.7,Riesgo alto
68276,Floridablanca,2010,32.2,Riesgo medio,3.7,Sin riesgo,60.7,Riesgo alto
68276,Floridablanca,2011,14.5,Riesgo medio,0.4,Sin riesgo,32.1,Riesgo medio
68276,Floridablanca,2013,1.5,Sin riesgo,1.6,Sin riesgo,0.0,Sin riesgo
68276,Floridablanca,2014,0.9,Sin riesgo,0.3,Sin riesgo,6.0,Riesgo bajo
68276,Floridablanca,2015,1.9,Sin riesgo,2.3,Sin riesgo,0.0,Sin riesgo
68276,Floridablanca,2017,1.2,Sin riesgo,0.0,Sin riesgo,7.5,Riesgo bajo
68276,Floridablanca,2018,0.2,Sin riesgo,0.2,Sin riesgo,0.1,Sin riesgo
68276,Floridablanca,2019,1,Sin riesgo,0.0,Sin riesgo,2.0,Sin riesgo
68276,Floridablanca,2020,0.3,Sin riesgo,ND,ND,0.3,Sin riesgo
68276,Floridablanca,2021,0,Sin riesgo,0.0,Sin riesgo,0.0,Sin riesgo
68276,Floridablanca,2023,0,Sin riesgo,0.0,Sin riesgo,0.0,Sin riesgo
68296,Galán,2007,42.6,Riesgo alto,42.6,Riesgo alto,ND,ND
68296,Galán,2008,5.3,Riesgo bajo,5.3,Riesgo bajo,ND,ND
68296,Galán,2009,7.1,Riesgo bajo,7.1,Riesgo bajo,ND,ND
68296,Galán,2010,16.7,Riesgo medio,16.7,Riesgo medio,ND,ND
68296,Galán,2011,39,Riesgo alto,39.0,Riesgo alto,ND,ND
68296,Galán,2012,12,Riesgo bajo,12.0,Riesgo bajo,ND,ND
68296,Galán,2013,14.6,Riesgo medio,14.6,Riesgo medio,ND,ND
68296,Galán,2014,3.8,Sin riesgo,2.5,Sin riesgo,ND,ND
68296,Galán,2015,13.4,Riesgo bajo,11.1,Riesgo bajo,ND,ND
68296,Galán,2016,17.1,Riesgo medio,17.2,Riesgo medio,ND,ND
68296,Galán,2017,10,Riesgo bajo,8.7,Riesgo bajo,ND,ND
68296,Galán,2018,2,Sin riesgo,2.0,Sin riesgo,ND,ND
68296,Galán,2019,2.2,Sin riesgo,13.3,Riesgo bajo,ND,ND
68296,Galán,2020,2.5,Sin riesgo,ND,ND,2.5,Sin riesgo
68296,Galán,2021,9.6,Riesgo bajo,9.6,Riesgo bajo,ND,ND
68296,Galán,2022,10.9,Riesgo bajo,10.9,Riesgo bajo,ND,ND
68296,Galán,2023,0,Sin riesgo,0.0,Sin riesgo,ND,ND
68298,Gámbita,2007,37.9,Riesgo alto,41.0,Riesgo alto,27.0,Riesgo medio
68298,Gámbita,2008,8,Riesgo bajo,8.0,Riesgo bajo,ND,ND
68298,Gámbita,2009,15.7,Riesgo medio,19.0,Riesgo medio,10.7,Riesgo bajo
68298,Gámbita,2010,12.1,Riesgo bajo,12.1,Riesgo bajo,ND,ND
68298,Gámbita,2011,39.2,Riesgo alto,41.4,Riesgo alto,26.3,Riesgo medio
68298,Gámbita,2012,42.1,Riesgo alto,40.0,Riesgo alto,54.6,Riesgo alto
68298,Gámbita,2013,8.4,Riesgo bajo,8.4,Riesgo bajo,ND,ND
68298,Gámbita,2014,25.4,Riesgo medio,25.4,Riesgo medio,ND,ND
68298,Gámbita,2015,16.7,Riesgo medio,16.7,Riesgo medio,ND,ND
68298,Gámbita,2016,16.5,Riesgo medio,16.5,Riesgo medio,ND,ND
68298,Gámbita,2017,20.2,Riesgo medio,18.7,Riesgo medio,ND,ND
68298,Gámbita,2018,29.2,Riesgo medio,30.2,Riesgo medio,18.2,Riesgo medio
68298,Gámbita,2019,40.8,Riesgo alto,0.0,Sin riesgo,ND,ND
68298,Gámbita,2020,27.1,Riesgo medio,ND,ND,27.1,Riesgo medio
68298,Gámbita,2021,10.8,Riesgo bajo,10.8,Riesgo bajo,ND,ND
68298,Gámbita,2022,21.1,Riesgo medio,21.1,Riesgo medio,ND,ND
68298,Gámbita,2023,9.6,Riesgo bajo,9.6,Riesgo bajo,ND,ND
68307,Girón,2007,3.5,Sin riesgo,3.5,Sin riesgo,ND,ND
68307,Girón,2008,16.9,Riesgo medio,0.0,Sin riesgo,71.7,Riesgo alto
68307,Girón,2009,7.6,Riesgo bajo,4.8,Sin riesgo,90.4,Inviable sanitariamente
68307,Girón,2010,0.3,Sin riesgo,0.3,Sin riesgo,ND,ND
68307,Girón,2011,5.8,Riesgo bajo,4.7,Sin riesgo,13.6,Riesgo bajo
68307,Girón,2012,3.4,Sin riesgo,2.6,Sin riesgo,8.8,Riesgo bajo
68307,Girón,2013,0.7,Sin riesgo,0.0,Sin riesgo,13.1,Riesgo bajo
68307,Girón,2014,1.2,Sin riesgo,0.5,Sin riesgo,17.4,Riesgo medio
68307,Girón,2015,1.4,Sin riesgo,1.1,Sin riesgo,7.8,Riesgo bajo
68307,Girón,2016,7.2,Riesgo bajo,7.9,Riesgo bajo,0.0,Sin riesgo
68307,Girón,2017,1.1,Sin riesgo,1.1,Sin riesgo,0.0,Sin riesgo
68307,Girón,2018,0.1,Sin riesgo,0.1,Sin riesgo,0.0,Sin riesgo
68307,Girón,2019,0.2,Sin riesgo,0.2,Sin riesgo,0.0,Sin riesgo
68307,Girón,2020,0.2,Sin riesgo,ND,ND,0.2,Sin riesgo
68307,Girón,2021,0.8,Sin riesgo,0.4,Sin riesgo,1.4,Sin riesgo
68307,Girón,2022,0.2,Sin riesgo,0.3,Sin riesgo,0.0,Sin riesgo
68307,Girón,2023,2.5,Sin riesgo,2.8,Sin riesgo,0.7,Sin riesgo
68318,Guaca,2007,11.5,Riesgo bajo,11.5,Riesgo bajo,ND,ND
68318,Guaca,2008,13.8,Riesgo bajo,13.8,Riesgo bajo,ND,ND
68318,Guaca,2009,32.4,Riesgo medio,29.0,Riesgo medio,33.3,Riesgo medio
68318,Guaca,2010,23.9,Riesgo medio,18.2,Riesgo medio,29.6,Riesgo medio
68318,Guaca,2011,48.8,Riesgo alto,46.5,Riesgo alto,55.7,Riesgo alto
68318,Guaca,2012,22.5,Riesgo medio,25.3,Riesgo medio,0.0,Sin riesgo
68318,Guaca,2013,1.7,Sin riesgo,1.7,Sin riesgo,ND,ND
68318,Guaca,2014,15.2,Riesgo medio,15.2,Riesgo medio,ND,ND
68318,Guaca,2015,13,Riesgo bajo,13.0,Riesgo bajo,ND,ND
68318,Guaca,2016,5.8,Riesgo bajo,5.8,Riesgo bajo,ND,ND
68318,Guaca,2017,6.1,Riesgo bajo,6.1,Riesgo bajo,ND,ND
68318,Guaca,2018,12.8,Riesgo bajo,12.8,Riesgo bajo,ND,ND
68318,Guaca,2019,23.6,Riesgo medio,23.1,Riesgo medio,ND,ND
68318,Guaca,2020,12.5,Riesgo bajo,ND,ND,12.5,Riesgo bajo
68318,Guaca,2021,34.4,Riesgo medio,34.4,Riesgo medio,ND,ND
68318,Guaca,2023,19.8,Riesgo medio,19.8,Riesgo medio,ND,ND
68320,Guadalupe,2007,27.7,Riesgo medio,15.8,Riesgo medio,75.3,Riesgo alto
68320,Guadalupe,2008,5,Sin riesgo,5.0,Sin riesgo,ND,ND
68320,Guadalupe,2009,8,Riesgo bajo,8.0,Riesgo bajo,ND,ND
68320,Guadalupe,2010,0,Sin riesgo,0.0,Sin riesgo,ND,ND
68320,Guadalupe,2011,12.6,Riesgo bajo,12.6,Riesgo bajo,ND,ND
68320,Guadalupe,2012,23.1,Riesgo medio,19.6,Riesgo medio,30.2,Riesgo medio
68320,Guadalupe,2013,12.1,Riesgo bajo,6.3,Riesgo bajo,70.4,Riesgo alto
68320,Guadalupe,2014,9.5,Riesgo bajo,9.5,Riesgo bajo,ND,ND
68320,Guadalupe,2015,10.3,Riesgo bajo,3.5,Sin riesgo,85.6,Inviable sanitariamente
68320,Guadalupe,2016,17,Riesgo medio,18.7,Riesgo medio,0.0,Sin riesgo
68320,Guadalupe,2017,1.6,Sin riesgo,2.2,Sin riesgo,ND,ND
68320,Guadalupe,2018,3.2,Sin riesgo,3.2,Sin riesgo,ND,ND
68320,Guadalupe,2019,0.4,Sin riesgo,0.0,Sin riesgo,ND,ND
68320,Guadalupe,2020,0,Sin riesgo,ND,ND,0.0,Sin riesgo
68320,Guadalupe,2021,0.1,Sin riesgo,0.1,Sin riesgo,ND,ND
68320,Guadalupe,2022,3.2,Sin riesgo,3.2,Sin riesgo,ND,ND
68320,Guadalupe,2023,4.5,Sin riesgo,4.5,Sin riesgo,ND,ND
68322,Guapotá,2007,32.6,Riesgo medio,31.4,Riesgo medio,35.3,Riesgo alto
68322,Guapotá,2008,0,Sin riesgo,0.0,Sin riesgo,ND,ND
68322,Guapotá,2009,20.3,Riesgo medio,21.2,Riesgo medio,16.3,Riesgo medio
68322,Guapotá,2010,0,Sin riesgo,0.0,Sin riesgo,ND,ND
68322,Guapotá,2011,13.2,Riesgo bajo,13.2,Riesgo bajo,ND,ND
68322,Guapotá,2012,5.2,Riesgo bajo,5.2,Riesgo bajo,ND,ND
68322,Guapotá,2013,12,Riesgo bajo,12.0,Riesgo bajo,ND,ND
68322,Guapotá,2014,30,Riesgo medio,30.0,Riesgo medio,ND,ND
68322,Guapotá,2015,0,Sin riesgo,0.0,Sin riesgo,ND,ND
68322,Guapotá,2016,12.7,Riesgo bajo,12.7,Riesgo bajo,ND,ND
68322,Guapotá,2017,23.6,Riesgo medio,23.0,Riesgo medio,ND,ND
68322,Guapotá,2018,11.5,Riesgo bajo,11.5,Riesgo bajo,ND,ND
68322,Guapotá,2019,15,Riesgo medio,17.6,Riesgo medio,ND,ND
68322,Guapotá,2020,20.6,Riesgo medio,ND,ND,20.6,Riesgo medio
68322,Guapotá,2021,10.7,Riesgo bajo,10.7,Riesgo bajo,ND,ND
68322,Guapotá,2023,20.5,Riesgo medio,20.5,Riesgo medio,ND,ND
68324,Guavatá,2007,32.7,Riesgo medio,25.2,Riesgo medio,100.0,Inviable sanitariamente
68324,Guavatá,2008,14.4,Riesgo medio,14.4,Riesgo medio,ND,ND
68324,Guavatá,2009,7.8,Riesgo bajo,8.8,Riesgo bajo,6.1,Riesgo bajo
68324,Guavatá,2010,0,Sin riesgo,0.0,Sin riesgo,ND,ND
68324,Guavatá,2011,22.9,Riesgo medio,21.0,Riesgo medio,36.4,Riesgo alto
68324,Guavatá,2012,16.1,Riesgo medio,16.1,Riesgo medio,ND,ND
68324,Guavatá,2013,11.1,Riesgo bajo,7.3,Riesgo bajo,ND,ND
68324,Guavatá,2014,9.5,Riesgo bajo,10.8,Riesgo bajo,3.3,Sin riesgo
68324,Guavatá,2015,9.5,Riesgo bajo,3.6,Sin riesgo,17.1,Riesgo medio
68324,Guavatá,2016,19.7,Riesgo medio,22.3,Riesgo medio,18.2,Riesgo medio
68324,Guavatá,2017,13.6,Riesgo bajo,15.6,Riesgo medio,13.9,Riesgo bajo
68324,Guavatá,2018,9,Riesgo bajo,11.0,Riesgo bajo,4.9,Sin riesgo
68324,Guavatá,2019,1.6,Sin riesgo,ND,ND,0.0,Sin riesgo
68324,Guavatá,2020,7.7,Riesgo bajo,7.7,Riesgo bajo,ND,ND
68324,Guavatá,2021,0.1,Sin riesgo,0.1,Sin riesgo,ND,ND
68324,Guavatá,2022,3.4,Sin riesgo,3.4,Sin riesgo,ND,ND
68324,Guavatá,2023,7.9,Riesgo bajo,7.9,Riesgo bajo,ND,ND
68327,Güepsa,2007,0.6,Sin riesgo,0.4,Sin riesgo,1.0,Sin riesgo
68327,Güepsa,2008,26.4,Riesgo medio,9.5,Riesgo bajo,77.4,Riesgo alto
68327,Güepsa,2009,0.2,Sin riesgo,0.2,Sin riesgo,0.0,Sin riesgo
68327,Güepsa,2010,0,Sin riesgo,0.0,Sin riesgo,0.0,Sin riesgo
68327,Güepsa,2011,7.3,Riesgo bajo,0.0,Sin riesgo,17.1,Riesgo medio
68327,Güepsa,2012,6.5,Riesgo bajo,0.0,Sin riesgo,7.3,Riesgo bajo
68327,Güepsa,2013,11.4,Riesgo bajo,15.7,Riesgo medio,0.6,Sin riesgo
68327,Güepsa,2014,2.6,Sin riesgo,2.6,Sin riesgo,ND,ND
68327,Güepsa,2015,14.1,Riesgo medio,14.1,Riesgo medio,ND,ND
68327,Güepsa,2016,10.8,Riesgo bajo,12.2,Riesgo bajo,0.0,Sin riesgo
68327,Güepsa,2017,0,Sin riesgo,0.0,Sin riesgo,ND,ND
68327,Güepsa,2018,5.4,Riesgo bajo,5.4,Riesgo bajo,ND,ND
68327,Güepsa,2019,0,Sin riesgo,0.0,Sin riesgo,ND,ND
68327,Güepsa,2020,20,Riesgo medio,20.0,Riesgo medio,ND,ND
68327,Güepsa,2021,0.4,Sin riesgo,0.4,Sin riesgo,ND,ND
68327,Güepsa,2022,6.3,Riesgo bajo,6.3,Riesgo bajo,ND,ND
68327,Güepsa,2023,0,Sin riesgo,0.0,Sin riesgo,ND,ND
68344,Hato,2007,27.9,Riesgo medio,27.9,Riesgo medio,ND,ND
68344,Hato,2008,24.4,Riesgo medio,24.4,Riesgo medio,ND,ND
68344,Hato,2009,20.8,Riesgo medio,25.7,Riesgo medio,14.5,Riesgo medio
68344,Hato,2010,24.4,Riesgo medio,ND,ND,24.4,Riesgo medio
68344,Hato,2011,44.2,Riesgo alto,63.1,Riesgo alto,36.6,Riesgo alto
68344,Hato,2012,31.1,Riesgo medio,59.5,Riesgo alto,16.9,Riesgo medio
68344,Hato,2013,29.9,Riesgo medio,29.9,Riesgo medio,ND,ND
68344,Hato,2014,15.8,Riesgo medio,15.8,Riesgo medio,ND,ND
68344,Hato,2015,3.5,Sin riesgo,3.5,Sin riesgo,ND,ND
68344,Hato,2016,22,Riesgo medio,22.0,Riesgo medio,ND,ND
68344,Hato,2017,7.2,Riesgo bajo,2.6,Sin riesgo,17.8,Riesgo medio
68344,Hato,2018,7.3,Riesgo bajo,7.3,Riesgo bajo,ND,ND
68344,Hato,2019,7.2,Riesgo bajo,6.6,Riesgo bajo,ND,ND
68344,Hato,2020,0,Sin riesgo,ND,ND,0.0,Sin riesgo
68344,Hato,2021,3,Sin riesgo,3.0,Sin riesgo,ND,ND
68344,Hato,2023,7.1,Riesgo bajo,7.1,Riesgo bajo,ND,ND
68368,Jesús María,2007,35.9,Riesgo alto,23.1,Riesgo medio,ND,ND
68368,Jesús María,2008,47.1,Riesgo alto,34.7,Riesgo medio,ND,ND
68368,Jesús María,2009,49.7,Riesgo alto,46.3,Riesgo alto,60.0,Riesgo alto
68368,Jesús María,2010,18.2,Riesgo medio,ND,ND,ND,ND
68368,Jesús María,2011,50.5,Riesgo alto,50.5,Riesgo alto,ND,ND
68368,Jesús María,2012,25.8,Riesgo medio,25.8,Riesgo medio,ND,ND
68368,Jesús María,2013,22.9,Riesgo medio,22.9,Riesgo medio,ND,ND
68368,Jesús María,2014,18,Riesgo medio,18.0,Riesgo medio,ND,ND
68368,Jesús María,2015,18.6,Riesgo medio,22.5,Riesgo medio,ND,ND
68368,Jesús María,2016,10.9,Riesgo bajo,9.1,Riesgo bajo,ND,ND
68368,Jesús María,2017,32.7,Riesgo medio,21.2,Riesgo medio,ND,ND
68368,Jesús María,2018,38.3,Riesgo alto,38.3,Riesgo alto,ND,ND
68368,Jesús María,2019,23.7,Riesgo medio,26.5,Riesgo medio,ND,ND
68368,Jesús María,2020,18.3,Riesgo medio,18.3,Riesgo medio,ND,ND
68368,Jesús María,2021,19.5,Riesgo medio,19.5,Riesgo medio,ND,ND
68368,Jesús María,2022,0.5,Sin riesgo,0.5,Sin riesgo,ND,ND
68368,Jesús María,2023,13.9,Riesgo bajo,13.9,Riesgo bajo,ND,ND
68370,Jordán,2007,51.9,Riesgo alto,51.9,Riesgo alto,ND,ND
68370,Jordán,2008,65,Riesgo alto,65.0,Riesgo alto,ND,ND
68370,Jordán,2009,41.3,Riesgo alto,41.3,Riesgo alto,ND,ND
68370,Jordán,2010,80.2,Inviable sanitariamente,80.2,Inviable sanitariamente,ND,ND
68370,Jordán,2011,82.1,Inviable sanitariamente,82.1,Inviable sanitariamente,ND,ND
68370,Jordán,2012,54.4,Riesgo alto,54.4,Riesgo alto,ND,ND
68370,Jordán,2013,66.7,Riesgo alto,66.7,Riesgo alto,ND,ND
68370,Jordán,2014,8.6,Riesgo bajo,8.6,Riesgo bajo,ND,ND
68370,Jordán,2015,22.9,Riesgo medio,22.9,Riesgo medio,ND,ND
68370,Jordán,2016,48.9,Riesgo alto,48.9,Riesgo alto,ND,ND
68370,Jordán,2017,54.8,Riesgo alto,56.1,Riesgo alto,ND,ND
68370,Jordán,2018,76.3,Riesgo alto,76.3,Riesgo alto,ND,ND
68370,Jordán,2019,63,Riesgo alto,97.3,Inviable sanitariamente,ND,ND
68370,Jordán,2020,63.6,Riesgo alto,ND,ND,63.6,Riesgo alto
68370,Jordán,2021,29.6,Riesgo medio,29.6,Riesgo medio,ND,ND
68370,Jordán,2022,92.4,Inviable sanitariamente,ND,ND,92.4,Inviable sanitariamente
68370,Jordán,2023,53.9,Riesgo alto,43.0,Riesgo alto,97.6,Inviable sanitariamente
68377,La Belleza,2007,18.2,Riesgo medio,18.2,Riesgo medio,ND,ND
68377,La Belleza,2010,19.4,Riesgo medio,19.4,Riesgo medio,ND,ND
68377,La Belleza,2011,38.5,Riesgo alto,36.8,Riesgo alto,40.8,Riesgo alto
68377,La Belleza,2012,13.6,Riesgo bajo,16.3,Riesgo medio,0.0,Sin riesgo
68377,La Belleza,2013,13.3,Riesgo bajo,13.3,Riesgo bajo,ND,ND
68377,La Belleza,2014,12.2,Riesgo bajo,8.7,Riesgo bajo,ND,ND
68377,La Belleza,2015,17.4,Riesgo medio,17.3,Riesgo medio,ND,ND
68377,La Belleza,2016,8.9,Riesgo bajo,10.7,Riesgo bajo,ND,ND
68377,La Belleza,2017,23,Riesgo medio,29.4,Riesgo medio,ND,ND
68377,La Belleza,2018,18.2,Riesgo medio,18.2,Riesgo medio,ND,ND
68377,La Belleza,2019,11.8,Riesgo bajo,0.0,Sin riesgo,ND,ND
68377,La Belleza,2020,3.8,Sin riesgo,7.5,Riesgo bajo,0.0,Sin riesgo
68377,La Belleza,2021,14.8,Riesgo medio,14.8,Riesgo medio,ND,ND
68377,La Belleza,2022,17.9,Riesgo medio,17.9,Riesgo medio,ND,ND
68377,La Belleza,2023,23.9,Riesgo medio,23.9,Riesgo medio,ND,ND
68385,Landázuri,2007,51,Riesgo alto,51.0,Riesgo alto,ND,ND
68385,Landázuri,2008,58,Riesgo alto,64.6,Riesgo alto,25.4,Riesgo medio
68385,Landázuri,2009,54.7,Riesgo alto,59.0,Riesgo alto,47.4,Riesgo alto
68385,Landázuri,2010,29.6,Riesgo medio,29.6,Riesgo medio,ND,ND
68385,Landázuri,2011,30.1,Riesgo medio,25.3,Riesgo medio,59.3,Riesgo alto
68385,Landázuri,2012,34.7,Riesgo medio,34.7,Riesgo medio,ND,ND
68385,Landázuri,2013,16.6,Riesgo medio,17.2,Riesgo medio,15.8,Riesgo medio
68385,Landázuri,2014,10.4,Riesgo bajo,8.9,Riesgo bajo,17.4,Riesgo medio
68385,Landázuri,2015,0,Sin riesgo,0.0,Sin riesgo,ND,ND
68385,Landázuri,2016,0,Sin riesgo,0.0,Sin riesgo,ND,ND
68385,Landázuri,2017,2.6,Sin riesgo,2.9,Sin riesgo,ND,ND
68385,Landázuri,2018,6.2,Riesgo bajo,6.2,Riesgo bajo,ND,ND
68385,Landázuri,2019,6.6,Riesgo bajo,ND,ND,ND,ND
68385,Landázuri,2020,0,Sin riesgo,ND,ND,0.0,Sin riesgo
68385,Landázuri,2021,0,Sin riesgo,0.0,Sin riesgo,ND,ND
68385,Landázuri,2023,7,Riesgo bajo,7.0,Riesgo bajo,ND,ND
68397,La Paz,2007,64.2,Riesgo alto,64.2,Riesgo alto,ND,ND
68397,La Paz,2008,31.7,Riesgo medio,31.7,Riesgo medio,ND,ND
68397,La Paz,2009,22.6,Riesgo medio,22.2,Riesgo medio,22.7,Riesgo medio
68397,La Paz,2010,40.4,Riesgo alto,37.6,Riesgo alto,45.9,Riesgo alto
68397,La Paz,2011,28.8,Riesgo medio,28.8,Riesgo medio,ND,ND
68397,La Paz,2012,13.1,Riesgo bajo,13.1,Riesgo bajo,ND,ND
68397,La Paz,2013,8.4,Riesgo bajo,8.4,Riesgo bajo,ND,ND
68397,La Paz,2014,6.9,Riesgo bajo,6.9,Riesgo bajo,ND,ND
68397,La Paz,2015,25.1,Riesgo medio,27.1,Riesgo medio,ND,ND
68397,La Paz,2016,6.1,Riesgo bajo,9.7,Riesgo bajo,ND,ND
68397,La Paz,2017,1.5,Sin riesgo,4.5,Sin riesgo,0.0,Sin riesgo
68397,La Paz,2018,2.7,Sin riesgo,3.0,Sin riesgo,0.0,Sin riesgo
68397,La Paz,2019,1.8,Sin riesgo,0.0,Sin riesgo,ND,ND
68397,La Paz,2020,0,Sin riesgo,0.0,Sin riesgo,ND,ND
68397,La Paz,2021,2.2,Sin riesgo,2.2,Sin riesgo,ND,ND
68397,La Paz,2022,7.1,Riesgo bajo,7.1,Riesgo bajo,ND,ND
68397,La Paz,2023,18.3,Riesgo medio,11.0,Riesgo bajo,47.7,Riesgo alto
68406,Lebrija,2007,36.2,Riesgo alto,29.0,Riesgo medio,55.7,Riesgo alto
68406,Lebrija,2008,17.8,Riesgo medio,17.8,Riesgo medio,ND,ND
68406,Lebrija,2009,26.4,Riesgo medio,10.8,Riesgo bajo,41.0,Riesgo alto
68406,Lebrija,2010,39,Riesgo alto,4.7,Sin riesgo,87.6,Inviable sanitariamente
68406,Lebrija,2011,24.8,Riesgo medio,25.7,Riesgo medio,17.8,Riesgo medio
68406,Lebrija,2012,15.7,Riesgo medio,6.4,Riesgo bajo,47.6,Riesgo alto
68406,Lebrija,2013,18.2,Riesgo medio,4.2,Sin riesgo,74.4,Riesgo alto
68406,Lebrija,2014,14,Riesgo bajo,10.1,Riesgo bajo,36.9,Riesgo alto
68406,Lebrija,2015,7.6,Riesgo bajo,3.4,Sin riesgo,16.5,Riesgo medio
68406,Lebrija,2016,6.7,Riesgo bajo,8.2,Riesgo bajo,18.2,Riesgo medio
68406,Lebrija,2017,1,Sin riesgo,0.6,Sin riesgo,0.0,Sin riesgo
68406,Lebrija,2018,0.1,Sin riesgo,0.1,Sin riesgo,0.0,Sin riesgo
68406,Lebrija,2019,0,Sin riesgo,0.0,Sin riesgo,0.0,Sin riesgo
68406,Lebrija,2020,1.1,Sin riesgo,ND,ND,1.1,Sin riesgo
68406,Lebrija,2021,2.6,Sin riesgo,2.6,Sin riesgo,ND,ND
68406,Lebrija,2022,9,Riesgo bajo,9.0,Riesgo bajo,ND,ND
68406,Lebrija,2023,0.8,Sin riesgo,0.0,Sin riesgo,11.3,Riesgo bajo
68418,Los Santos,2007,38,Riesgo alto,39.0,Riesgo alto,34.1,Riesgo medio
68418,Los Santos,2008,13.2,Riesgo bajo,14.0,Riesgo bajo,11.5,Riesgo bajo
68418,Los Santos,2009,24.8,Riesgo medio,20.7,Riesgo medio,33.6,Riesgo medio
68418,Los Santos,2010,41.2,Riesgo alto,41.2,Riesgo alto,ND,ND
68418,Los Santos,2011,5.4,Riesgo bajo,3.3,Sin riesgo,21.8,Riesgo medio
68418,Los Santos,2012,22.6,Riesgo medio,18.5,Riesgo medio,63.6,Riesgo alto
68418,Los Santos,2013,12.6,Riesgo bajo,12.6,Riesgo bajo,ND,ND
68418,Los Santos,2014,12.6,Riesgo bajo,10.8,Riesgo bajo,19.5,Riesgo medio
68418,Los Santos,2015,4.5,Sin riesgo,5.0,Sin riesgo,0.0,Sin riesgo
68418,Los Santos,2016,9.7,Riesgo bajo,10.7,Riesgo bajo,7.4,Riesgo bajo
68418,Los Santos,2017,6.1,Riesgo bajo,22.2,Riesgo medio,0.0,Sin riesgo
68418,Los Santos,2018,4.2,Sin riesgo,4.2,Sin riesgo,ND,ND
68418,Los Santos,2019,0,Sin riesgo,0.0,Sin riesgo,ND,ND
68418,Los Santos,2020,5.4,Riesgo bajo,ND,ND,5.4,Riesgo bajo
68418,Los Santos,2021,2,Sin riesgo,2.0,Sin riesgo,ND,ND
68425,Macaravita,2007,34.9,Riesgo medio,29.5,Riesgo medio,75.3,Riesgo alto
68425,Macaravita,2008,14.6,Riesgo medio,14.6,Riesgo medio,ND,ND
68425,Macaravita,2009,44.6,Riesgo alto,48.6,Riesgo alto,41.8,Riesgo alto
68425,Macaravita,2010,4.8,Sin riesgo,6.5,Riesgo bajo,0.0,Sin riesgo
68425,Macaravita,2011,24,Riesgo medio,14.7,Riesgo medio,79.6,Riesgo alto
68425,Macaravita,2012,10.6,Riesgo bajo,10.6,Riesgo bajo,ND,ND
68425,Macaravita,2013,9.1,Riesgo bajo,4.3,Sin riesgo,66.7,Riesgo alto
68425,Macaravita,2014,19.6,Riesgo medio,19.6,Riesgo medio,ND,ND
68425,Macaravita,2015,18.2,Riesgo medio,18.2,Riesgo medio,ND,ND
68425,Macaravita,2016,0,Sin riesgo,0.0,Sin riesgo,ND,ND
68425,Macaravita,2017,0,Sin riesgo,0.0,Sin riesgo,ND,ND
68425,Macaravita,2018,0,Sin riesgo,0.0,Sin riesgo,0.0,Sin riesgo
68425,Macaravita,2019,0,Sin riesgo,0.0,Sin riesgo,ND,ND
68425,Macaravita,2020,26.5,Riesgo medio,ND,ND,26.5,Riesgo medio
68425,Macaravita,2021,9.3,Riesgo bajo,9.3,Riesgo bajo,ND,ND
68425,Macaravita,2023,0,Sin riesgo,0.0,Sin riesgo,ND,ND
68432,Málaga,2007,6.1,Riesgo bajo,6.1,Riesgo bajo,ND,ND
68432,Málaga,2008,13.6,Riesgo bajo,13.6,Riesgo bajo,ND,ND
68432,Málaga,2009,8.8,Riesgo bajo,11.2,Riesgo bajo,3.4,Sin riesgo
68432,Málaga,2010,23,Riesgo medio,31.6,Riesgo medio,0.0,Sin riesgo
68432,Málaga,2011,15.6,Riesgo medio,16.3,Riesgo medio,6.1,Riesgo bajo
68432,Málaga,2012,7.1,Riesgo bajo,7.1,Riesgo bajo,ND,ND
68432,Málaga,2013,5.1,Riesgo bajo,5.3,Riesgo bajo,0.0,Sin riesgo
68432,Málaga,2014,9.3,Riesgo bajo,9.3,Riesgo bajo,ND,ND
68432,Málaga,2015,4,Sin riesgo,4.0,Sin riesgo,ND,ND
68432,Málaga,2016,6.1,Riesgo bajo,6.8,Riesgo bajo,0.0,Sin riesgo
68432,Málaga,2017,4.2,Sin riesgo,4.2,Sin riesgo,ND,ND
68432,Málaga,2018,5.1,Riesgo bajo,5.1,Riesgo bajo,ND,ND
68432,Málaga,2019,6.4,Riesgo bajo,4.4,Sin riesgo,ND,ND
68432,Málaga,2020,3.1,Sin riesgo,ND,ND,3.1,Sin riesgo
68432,Málaga,2021,1.5,Sin riesgo,1.5,Sin riesgo,ND,ND
68432,Málaga,2022,1.7,Sin riesgo,1.7,Sin riesgo,ND,ND
68432,Málaga,2023,1.7,Sin riesgo,1.7,Sin riesgo,ND,ND
68444,Matanza,2007,49,Riesgo alto,49.0,Riesgo alto,ND,ND
68444,Matanza,2008,33,Riesgo medio,29.7,Riesgo medio,55.6,Riesgo alto
68444,Matanza,2009,12.4,Riesgo bajo,0.0,Sin riesgo,17.8,Riesgo medio
68444,Matanza,2010,16.6,Riesgo medio,ND,ND,16.6,Riesgo medio
68444,Matanza,2011,36,Riesgo alto,ND,ND,36.0,Riesgo alto
68444,Matanza,2012,15.8,Riesgo medio,0.0,Sin riesgo,17.4,Riesgo medio
68444,Matanza,2013,3.9,Sin riesgo,2.8,Sin riesgo,6.5,Riesgo bajo
68444,Matanza,2014,3.2,Sin riesgo,3.6,Sin riesgo,1.2,Sin riesgo
68444,Matanza,2015,3.5,Sin riesgo,3.5,Sin riesgo,ND,ND
68444,Matanza,2016,4.7,Sin riesgo,4.7,Sin riesgo,ND,ND
68444,Matanza,2017,1.7,Sin riesgo,1.9,Sin riesgo,ND,ND
68444,Matanza,2018,6.8,Riesgo bajo,9.8,Riesgo bajo,0.8,Sin riesgo
68444,Matanza,2019,4.7,Sin riesgo,0.0,Sin riesgo,ND,ND
68444,Matanza,2020,3.1,Sin riesgo,ND,ND,3.1,Sin riesgo
68444,Matanza,2021,5,Sin riesgo,5.0,Sin riesgo,ND,ND
68444,Matanza,2022,13.3,Riesgo bajo,13.3,Riesgo bajo,ND,ND
68444,Matanza,2023,33.4,Riesgo medio,33.4,Riesgo medio,ND,ND
68464,Mogotes,2007,27.2,Riesgo medio,26.5,Riesgo medio,37.5,Riesgo alto
68464,Mogotes,2008,18.2,Riesgo medio,15.8,Riesgo medio,33.1,Riesgo medio
68464,Mogotes,2009,5.5,Riesgo bajo,6.2,Riesgo bajo,0.0,Sin riesgo
68464,Mogotes,2010,0,Sin riesgo,0.0,Sin riesgo,ND,ND
68464,Mogotes,2011,4.3,Sin riesgo,4.5,Sin riesgo,2.2,Sin riesgo
68464,Mogotes,2012,4.5,Sin riesgo,4.5,Sin riesgo,ND,ND
68464,Mogotes,2013,0.2,Sin riesgo,0.2,Sin riesgo,ND,ND
68464,Mogotes,2014,4.1,Sin riesgo,4.1,Sin riesgo,ND,ND
68464,Mogotes,2015,4.6,Sin riesgo,4.6,Sin riesgo,ND,ND
68464,Mogotes,2016,6.2,Riesgo bajo,6.2,Riesgo bajo,ND,ND
68464,Mogotes,2017,3.1,Sin riesgo,3.1,Sin riesgo,ND,ND
68464,Mogotes,2018,0.2,Sin riesgo,0.2,Sin riesgo,ND,ND
68464,Mogotes,2019,2.9,Sin riesgo,0.0,Sin riesgo,ND,ND
68464,Mogotes,2020,30.2,Riesgo medio,ND,ND,30.2,Riesgo medio
68464,Mogotes,2021,2.1,Sin riesgo,2.1,Sin riesgo,ND,ND
68464,Mogotes,2022,2.7,Sin riesgo,2.7,Sin riesgo,ND,ND
68464,Mogotes,2023,0,Sin riesgo,0.0,Sin riesgo,ND,ND
68468,Molagavita,2007,46.2,Riesgo alto,46.2,Riesgo alto,ND,ND
68468,Molagavita,2008,35.5,Riesgo alto,35.5,Riesgo alto,ND,ND
68468,Molagavita,2009,23.7,Riesgo medio,24.9,Riesgo medio,0.0,Sin riesgo
68468,Molagavita,2010,24.9,Riesgo medio,24.9,Riesgo medio,ND,ND
68468,Molagavita,2011,20.6,Riesgo medio,20.6,Riesgo medio,ND,ND
68468,Molagavita,2012,20.5,Riesgo medio,17.8,Riesgo medio,44.4,Riesgo alto
68468,Molagavita,2013,28.9,Riesgo medio,28.9,Riesgo medio,ND,ND
68468,Molagavita,2014,31.9,Riesgo medio,31.9,Riesgo medio,ND,ND
68468,Molagavita,2015,18.8,Riesgo medio,18.8,Riesgo medio,ND,ND
68468,Molagavita,2016,30.7,Riesgo medio,30.7,Riesgo medio,ND,ND
68468,Molagavita,2017,23.7,Riesgo medio,23.7,Riesgo medio,ND,ND
68468,Molagavita,2018,23,Riesgo medio,23.0,Riesgo medio,ND,ND
68468,Molagavita,2019,46.8,Riesgo alto,ND,ND,ND,ND
68468,Molagavita,2020,38.4,Riesgo alto,ND,ND,38.4,Riesgo alto
68468,Molagavita,2021,23.9,Riesgo medio,23.9,Riesgo medio,ND,ND
68468,Molagavita,2022,26.6,Riesgo medio,26.6,Riesgo medio,ND,ND
68468,Molagavita,2023,16.4,Riesgo medio,16.4,Riesgo medio,ND,ND
68498,Ocamonte,2007,15.3,Riesgo medio,15.3,Riesgo medio,ND,ND
68498,Ocamonte,2008,36.2,Riesgo alto,31.2,Riesgo medio,53.4,Riesgo alto
68498,Ocamonte,2009,9.3,Riesgo bajo,8.1,Riesgo bajo,13.0,Riesgo bajo
68498,Ocamonte,2011,23.7,Riesgo medio,4.5,Sin riesgo,74.9,Riesgo alto
68498,Ocamonte,2012,20.4,Riesgo medio,12.3,Riesgo bajo,44.6,Riesgo alto
68498,Ocamonte,2013,7.2,Riesgo bajo,7.2,Riesgo bajo,ND,ND
68498,Ocamonte,2014,23.5,Riesgo medio,23.5,Riesgo medio,ND,ND
68498,Ocamonte,2015,6.8,Riesgo bajo,6.8,Riesgo bajo,ND,ND
68498,Ocamonte,2016,11.1,Riesgo bajo,11.1,Riesgo bajo,ND,ND
68498,Ocamonte,2017,10.3,Riesgo bajo,10.3,Riesgo bajo,ND,ND
68498,Ocamonte,2018,3.4,Sin riesgo,3.4,Sin riesgo,ND,ND
68498,Ocamonte,2019,0,Sin riesgo,0.0,Sin riesgo,ND,ND
68498,Ocamonte,2020,0,Sin riesgo,0.0,Sin riesgo,0.0,Sin riesgo
68498,Ocamonte,2021,10,Riesgo bajo,10.0,Riesgo bajo,ND,ND
68498,Ocamonte,2023,14.7,Riesgo medio,14.7,Riesgo medio,ND,ND
68500,Oiba,2007,26.5,Riesgo medio,26.0,Riesgo medio,35.8,Riesgo alto
68500,Oiba,2008,8.5,Riesgo bajo,2.6,Sin riesgo,55.6,Riesgo alto
68500,Oiba,2009,14.6,Riesgo medio,12.1,Riesgo bajo,24.4,Riesgo medio
68500,Oiba,2010,35.8,Riesgo alto,35.8,Riesgo alto,ND,ND
68500,Oiba,2011,6.6,Riesgo bajo,2.3,Sin riesgo,24.0,Riesgo medio
68500,Oiba,2012,6.7,Riesgo bajo,6.7,Riesgo bajo,ND,ND
68500,Oiba,2013,11.6,Riesgo bajo,11.6,Riesgo bajo,ND,ND
68500,Oiba,2014,6.9,Riesgo bajo,7.8,Riesgo bajo,1.7,Sin riesgo
68500,Oiba,2015,0.4,Sin riesgo,0.4,Sin riesgo,ND,ND
68500,Oiba,2016,6.3,Riesgo bajo,6.3,Riesgo bajo,ND,ND
68500,Oiba,2017,1.1,Sin riesgo,1.1,Sin riesgo,ND,ND
68500,Oiba,2018,3.4,Sin riesgo,3.4,Sin riesgo,ND,ND
68500,Oiba,2019,3.8,Sin riesgo,0.0,Sin riesgo,0.0,Sin riesgo
68500,Oiba,2020,7.5,Riesgo bajo,ND,ND,7.5,Riesgo bajo
68500,Oiba,2021,0.2,Sin riesgo,0.2,Sin riesgo,ND,ND
68500,Oiba,2022,6.8,Riesgo bajo,6.8,Riesgo bajo,ND,ND
68500,Oiba,2023,6.7,Riesgo bajo,6.7,Riesgo bajo,ND,ND
68502,Onzaga,2007,36.9,Riesgo alto,36.9,Riesgo alto,ND,ND
68502,Onzaga,2008,17.2,Riesgo medio,17.2,Riesgo medio,ND,ND
68502,Onzaga,2009,59.1,Riesgo alto,55.8,Riesgo alto,62.5,Riesgo alto
68502,Onzaga,2010,15.3,Riesgo medio,44.4,Riesgo alto,0.7,Sin riesgo
68502,Onzaga,2011,22.8,Riesgo medio,18.0,Riesgo medio,29.4,Riesgo medio
68502,Onzaga,2012,12.3,Riesgo bajo,15.3,Riesgo medio,0.0,Sin riesgo
68502,Onzaga,2013,13.8,Riesgo bajo,13.4,Riesgo bajo,16.7,Riesgo medio
68502,Onzaga,2014,8.9,Riesgo bajo,8.7,Riesgo bajo,9.7,Riesgo bajo
68502,Onzaga,2015,12.6,Riesgo bajo,4.4,Sin riesgo,20.8,Riesgo medio
68502,Onzaga,2016,24.4,Riesgo medio,25.1,Riesgo medio,18.2,Riesgo medio
68502,Onzaga,2017,23.7,Riesgo medio,27.4,Riesgo medio,9.1,Riesgo bajo
68502,Onzaga,2018,17.7,Riesgo medio,35.4,Riesgo alto,0.0,Sin riesgo
68502,Onzaga,2019,15.5,Riesgo medio,0.0,Sin riesgo,ND,ND
68502,Onzaga,2020,0,Sin riesgo,0.0,Sin riesgo,0.0,Sin riesgo
68502,Onzaga,2021,4.2,Sin riesgo,4.2,Sin riesgo,ND,ND
68502,Onzaga,2022,10.1,Riesgo bajo,10.1,Riesgo bajo,ND,ND
68502,Onzaga,2023,7,Riesgo bajo,7.0,Riesgo bajo,ND,ND
68522,Palmar,2007,40.8,Riesgo alto,40.8,Riesgo alto,ND,ND
68522,Palmar,2008,25.3,Riesgo medio,25.3,Riesgo medio,ND,ND
68522,Palmar,2009,5.3,Riesgo bajo,7.7,Riesgo bajo,0.0,Sin riesgo
68522,Palmar,2010,56.3,Riesgo alto,90.4,Inviable sanitariamente,22.2,Riesgo medio
68522,Palmar,2011,64.9,Riesgo alto,69.7,Riesgo alto,57.8,Riesgo alto
68522,Palmar,2012,49.6,Riesgo alto,59.5,Riesgo alto,0.0,Sin riesgo
68522,Palmar,2013,27.1,Riesgo medio,24.2,Riesgo medio,34.8,Riesgo medio
68522,Palmar,2014,11.9,Riesgo bajo,23.7,Riesgo medio,0.0,Sin riesgo
68522,Palmar,2015,1.7,Sin riesgo,1.9,Sin riesgo,0.0,Sin riesgo
68522,Palmar,2016,9.8,Riesgo bajo,9.8,Riesgo bajo,ND,ND
68522,Palmar,2017,6.8,Riesgo bajo,10.7,Riesgo bajo,0.0,Sin riesgo
68522,Palmar,2018,2.4,Sin riesgo,2.9,Sin riesgo,0.0,Sin riesgo
68522,Palmar,2019,7.1,Riesgo bajo,8.5,Riesgo bajo,ND,ND
68522,Palmar,2020,4.4,Sin riesgo,ND,ND,4.4,Sin riesgo
68522,Palmar,2021,8.7,Riesgo bajo,8.7,Riesgo bajo,ND,ND
68522,Palmar,2022,22.4,Riesgo medio,22.4,Riesgo medio,ND,ND
68522,Palmar,2023,14.9,Riesgo medio,14.9,Riesgo medio,ND,ND
68524,Palmas del Socorro,2007,6.2,Riesgo bajo,6.2,Riesgo bajo,ND,ND
68524,Palmas del Socorro,2008,9.2,Riesgo bajo,9.2,Riesgo bajo,ND,ND
68524,Palmas del Socorro,2009,4.9,Sin riesgo,5.3,Riesgo bajo,3.5,Sin riesgo
68524,Palmas del Socorro,2010,9,Riesgo bajo,6.5,Riesgo bajo,12.7,Riesgo bajo
68524,Palmas del Socorro,2011,19.5,Riesgo medio,6.2,Riesgo bajo,62.4,Riesgo alto
68524,Palmas del Socorro,2012,9.5,Riesgo bajo,11.0,Riesgo bajo,3.6,Sin riesgo
68524,Palmas del Socorro,2013,14.8,Riesgo medio,1.9,Sin riesgo,36.3,Riesgo alto
68524,Palmas del Socorro,2014,11.4,Riesgo bajo,8.8,Riesgo bajo,14.1,Riesgo medio
68524,Palmas del Socorro,2015,8.7,Riesgo bajo,2.9,Sin riesgo,5.9,Riesgo bajo
68524,Palmas del Socorro,2016,6.8,Riesgo bajo,7.1,Riesgo bajo,3.9,Sin riesgo
68524,Palmas del Socorro,2017,10.3,Riesgo bajo,2.4,Sin riesgo,11.3,Riesgo bajo
68524,Palmas del Socorro,2018,2.7,Sin riesgo,0.8,Sin riesgo,6.5,Riesgo bajo
68524,Palmas del Socorro,2019,4.2,Sin riesgo,0.0,Sin riesgo,0.0,Sin riesgo
68524,Palmas del Socorro,2020,6.4,Riesgo bajo,0.1,Sin riesgo,44.0,Riesgo alto
68524,Palmas del Socorro,2021,13.4,Riesgo bajo,10.2,Riesgo bajo,20.3,Riesgo medio
68524,Palmas del Socorro,2022,26.5,Riesgo medio,14.6,Riesgo medio,36.8,Riesgo alto
68524,Palmas del Socorro,2023,14.6,Riesgo medio,0.0,Sin riesgo,25.2,Riesgo medio
68533,Páramo,2007,5.8,Riesgo bajo,5.8,Riesgo bajo,ND,ND
68533,Páramo,2008,25.2,Riesgo medio,25.2,Riesgo medio,ND,ND
68533,Páramo,2009,9.6,Riesgo bajo,13.5,Riesgo bajo,0.0,Sin riesgo
68533,Páramo,2010,0,Sin riesgo,0.0,Sin riesgo,ND,ND
68533,Páramo,2011,7.7,Riesgo bajo,8.5,Riesgo bajo,0.0,Sin riesgo
68533,Páramo,2012,14.6,Riesgo medio,14.6,Riesgo medio,ND,ND
68533,Páramo,2013,13.7,Riesgo bajo,13.7,Riesgo bajo,ND,ND
68533,Páramo,2014,17.7,Riesgo medio,17.7,Riesgo medio,ND,ND
68533,Páramo,2015,6.9,Riesgo bajo,6.9,Riesgo bajo,ND,ND
68533,Páramo,2016,12.8,Riesgo bajo,12.8,Riesgo bajo,ND,ND
68533,Páramo,2017,6.9,Riesgo bajo,6.9,Riesgo bajo,ND,ND
68533,Páramo,2018,5.3,Riesgo bajo,5.3,Riesgo bajo,ND,ND
68533,Páramo,2019,7.9,Riesgo bajo,6.3,Riesgo bajo,ND,ND
68533,Páramo,2020,7.3,Riesgo bajo,28.0,Riesgo medio,0.4,Sin riesgo
68533,Páramo,2021,5.6,Riesgo bajo,5.6,Riesgo bajo,ND,ND
68533,Páramo,2023,18.1,Riesgo medio,18.1,Riesgo medio,ND,ND
68547,Piedecuesta,2009,4.8,Sin riesgo,1.3,Sin riesgo,29.6,Riesgo medio
68547,Piedecuesta,2010,7.2,Riesgo bajo,7.9,Riesgo bajo,0.0,Sin riesgo
68547,Piedecuesta,2011,4.6,Sin riesgo,2.8,Sin riesgo,28.7,Riesgo medio
68547,Piedecuesta,2012,0.6,Sin riesgo,0.7,Sin riesgo,0.0,Sin riesgo
68547,Piedecuesta,2013,0.5,Sin riesgo,0.5,Sin riesgo,0.0,Sin riesgo
68547,Piedecuesta,2014,1.7,Sin riesgo,1.5,Sin riesgo,2.7,Sin riesgo
68547,Piedecuesta,2015,0.6,Sin riesgo,0.5,Sin riesgo,0.9,Sin riesgo
68547,Piedecuesta,2016,5.5,Riesgo bajo,5.7,Riesgo bajo,0.0,Sin riesgo
68547,Piedecuesta,2017,1.8,Sin riesgo,1.6,Sin riesgo,2.2,Sin riesgo
68547,Piedecuesta,2018,2.3,Sin riesgo,2.3,Sin riesgo,2.3,Sin riesgo
68547,Piedecuesta,2019,4.4,Sin riesgo,0.0,Sin riesgo,0.7,Sin riesgo
68547,Piedecuesta,2020,1.7,Sin riesgo,1.6,Sin riesgo,1.7,Sin riesgo
68547,Piedecuesta,2021,1,Sin riesgo,0.9,Sin riesgo,1.1,Sin riesgo
68547,Piedecuesta,2022,1.5,Sin riesgo,0.5,Sin riesgo,4.3,Sin riesgo
68547,Piedecuesta,2023,0.2,Sin riesgo,0.1,Sin riesgo,1.8,Sin riesgo
68549,Pinchote,2007,16.1,Riesgo medio,6.0,Riesgo bajo,56.6,Riesgo alto
68549,Pinchote,2008,22.5,Riesgo medio,10.0,Riesgo bajo,55.9,Riesgo alto
68549,Pinchote,2009,26.8,Riesgo medio,0.0,Sin riesgo,40.3,Riesgo alto
68549,Pinchote,2010,0.4,Sin riesgo,0.0,Sin riesgo,1.2,Sin riesgo
68549,Pinchote,2011,20.2,Riesgo medio,12.7,Riesgo bajo,30.1,Riesgo medio
68549,Pinchote,2012,13,Riesgo bajo,19.3,Riesgo medio,8.2,Riesgo bajo
68549,Pinchote,2013,2.5,Sin riesgo,0.7,Sin riesgo,6.8,Riesgo bajo
68549,Pinchote,2014,4.4,Sin riesgo,3.2,Sin riesgo,6.1,Riesgo bajo
68549,Pinchote,2015,5.2,Riesgo bajo,2.9,Sin riesgo,8.6,Riesgo bajo
68549,Pinchote,2016,12,Riesgo bajo,10.8,Riesgo bajo,13.9,Riesgo bajo
68549,Pinchote,2017,1.8,Sin riesgo,3.9,Sin riesgo,0.0,Sin riesgo
68549,Pinchote,2018,1.6,Sin riesgo,1.6,Sin riesgo,ND,ND
68549,Pinchote,2019,0,Sin riesgo,0.0,Sin riesgo,ND,ND
68549,Pinchote,2020,0,Sin riesgo,ND,ND,0.0,Sin riesgo
68549,Pinchote,2021,6.1,Riesgo bajo,6.1,Riesgo bajo,ND,ND
68549,Pinchote,2022,6.4,Riesgo bajo,6.4,Riesgo bajo,ND,ND
68549,Pinchote,2023,7.8,Riesgo bajo,7.8,Riesgo bajo,ND,ND
68572,Puente Nacional,2007,44.2,Riesgo alto,23.9,Riesgo medio,100.0,Inviable sanitariamente
68572,Puente Nacional,2008,0.5,Sin riesgo,0.5,Sin riesgo,ND,ND
68572,Puente Nacional,2009,14.7,Riesgo medio,7.8,Riesgo bajo,25.0,Riesgo medio
68572,Puente Nacional,2010,0,Sin riesgo,0.0,Sin riesgo,ND,ND
68572,Puente Nacional,2011,7.4,Riesgo bajo,7.4,Riesgo bajo,ND,ND
68572,Puente Nacional,2012,8,Riesgo bajo,8.0,Riesgo bajo,ND,ND
68572,Puente Nacional,2013,17.9,Riesgo medio,17.9,Riesgo medio,ND,ND
68572,Puente Nacional,2014,9.4,Riesgo bajo,9.4,Riesgo bajo,ND,ND
68572,Puente Nacional,2015,9.5,Riesgo bajo,9.5,Riesgo bajo,ND,ND
68572,Puente Nacional,2016,22.1,Riesgo medio,22.1,Riesgo medio,ND,ND
68572,Puente Nacional,2017,11.4,Riesgo bajo,9.8,Riesgo bajo,25.5,Riesgo medio
68572,Puente Nacional,2018,9.6,Riesgo bajo,11.2,Riesgo bajo,6.1,Riesgo bajo
68572,Puente Nacional,2019,1.8,Sin riesgo,3.3,Sin riesgo,0.0,Sin riesgo
68572,Puente Nacional,2020,25,Riesgo medio,0.0,Sin riesgo,33.3,Riesgo medio
68572,Puente Nacional,2021,0,Sin riesgo,0.0,Sin riesgo,ND,ND
68572,Puente Nacional,2022,1.9,Sin riesgo,1.9,Sin riesgo,ND,ND
68572,Puente Nacional,2023,0,Sin riesgo,0.0,Sin riesgo,ND,ND
68573,Puerto Parra,2007,74.4,Riesgo alto,74.4,Riesgo alto,ND,ND
68573,Puerto Parra,2008,49.1,Riesgo alto,49.1,Riesgo alto,ND,ND
68573,Puerto Parra,2009,51.4,Riesgo alto,56.2,Riesgo alto,37.2,Riesgo alto
68573,Puerto Parra,2010,9.8,Riesgo bajo,13.9,Riesgo bajo,1.5,Sin riesgo
68573,Puerto Parra,2011,2.6,Sin riesgo,4.0,Sin riesgo,0.0,Sin riesgo
68573,Puerto Parra,2012,16.8,Riesgo medio,16.8,Riesgo medio,ND,ND
68573,Puerto Parra,2013,6.1,Riesgo bajo,1.1,Sin riesgo,13.6,Riesgo bajo
68573,Puerto Parra,2014,41,Riesgo alto,44.7,Riesgo alto,0.0,Sin riesgo
68573,Puerto Parra,2015,44.5,Riesgo alto,45.3,Riesgo alto,ND,ND
68573,Puerto Parra,2016,24.6,Riesgo medio,27.5,Riesgo medio,20.5,Riesgo medio
68573,Puerto Parra,2017,13.9,Riesgo bajo,18.5,Riesgo medio,ND,ND
68573,Puerto Parra,2018,18.3,Riesgo medio,13.0,Riesgo bajo,66.7,Riesgo alto
68573,Puerto Parra,2019,2.4,Sin riesgo,7.1,Riesgo bajo,0.0,Sin riesgo
68573,Puerto Parra,2020,49.4,Riesgo alto,49.4,Riesgo alto,ND,ND
68573,Puerto Parra,2021,25.7,Riesgo medio,25.7,Riesgo medio,ND,ND
68573,Puerto Parra,2023,4.2,Sin riesgo,4.2,Sin riesgo,ND,ND
68575,Puerto Wilches,2007,14.6,Riesgo medio,14.6,Riesgo medio,ND,ND
68575,Puerto Wilches,2008,23.1,Riesgo medio,15.8,Riesgo medio,82.2,Inviable sanitariamente
68575,Puerto Wilches,2009,30.4,Riesgo medio,31.4,Riesgo medio,27.5,Riesgo medio
68575,Puerto Wilches,2010,51.6,Riesgo alto,16.7,Riesgo medio,ND,ND
68575,Puerto Wilches,2011,49.7,Riesgo alto,47.2,Riesgo alto,ND,ND
68575,Puerto Wilches,2012,37.1,Riesgo alto,32.2,Riesgo medio,ND,ND
68575,Puerto Wilches,2013,37.1,Riesgo alto,38.8,Riesgo alto,ND,ND
68575,Puerto Wilches,2014,37.7,Riesgo alto,35.5,Riesgo alto,ND,ND
68575,Puerto Wilches,2015,41.7,Riesgo alto,36.2,Riesgo alto,ND,ND
68575,Puerto Wilches,2016,24.5,Riesgo medio,23.0,Riesgo medio,ND,ND
68575,Puerto Wilches,2017,25.5,Riesgo medio,25.4,Riesgo medio,ND,ND
68575,Puerto Wilches,2018,15.3,Riesgo medio,15.3,Riesgo medio,ND,ND
68575,Puerto Wilches,2019,21.4,Riesgo medio,14.6,Riesgo medio,ND,ND
68575,Puerto Wilches,2020,17.5,Riesgo medio,ND,ND,17.5,Riesgo medio
68575,Puerto Wilches,2021,41.3,Riesgo alto,41.3,Riesgo alto,ND,ND
68575,Puerto Wilches,2022,29.8,Riesgo medio,29.8,Riesgo medio,ND,ND
68575,Puerto Wilches,2023,33.1,Riesgo medio,33.1,Riesgo medio,ND,ND
68615,Rionegro,2007,22.6,Riesgo medio,22.6,Riesgo medio,ND,ND
68615,Rionegro,2008,1.9,Sin riesgo,1.9,Sin riesgo,ND,ND
68615,Rionegro,2009,11.7,Riesgo bajo,3.6,Sin riesgo,56.3,Riesgo alto
68615,Rionegro,2010,15.1,Riesgo medio,0.4,Sin riesgo,59.3,Riesgo alto
68615,Rionegro,2011,17.6,Riesgo medio,15.2,Riesgo medio,23.4,Riesgo medio
68615,Rionegro,2012,17.7,Riesgo medio,17.7,Riesgo medio,ND,ND
68615,Rionegro,2013,11.2,Riesgo bajo,9.0,Riesgo bajo,32.6,Riesgo medio
68615,Rionegro,2014,16.7,Riesgo medio,16.5,Riesgo medio,21.4,Riesgo medio
68615,Rionegro,2015,20.6,Riesgo medio,20.6,Riesgo medio,ND,ND
68615,Rionegro,2016,26.5,Riesgo medio,26.5,Riesgo medio,ND,ND
68615,Rionegro,2017,20.5,Riesgo medio,14.2,Riesgo medio,ND,ND
68615,Rionegro,2018,7.7,Riesgo bajo,7.7,Riesgo bajo,ND,ND
68615,Rionegro,2019,10.6,Riesgo bajo,0.9,Sin riesgo,ND,ND
68615,Rionegro,2020,7.4,Riesgo bajo,0.0,Sin riesgo,11.1,Riesgo bajo
68615,Rionegro,2021,0,Sin riesgo,0.0,Sin riesgo,ND,ND
68615,Rionegro,2022,12.8,Riesgo bajo,7.3,Riesgo bajo,62.5,Riesgo alto
68615,Rionegro,2023,16,Riesgo medio,2.1,Sin riesgo,71.7,Riesgo alto
68655,Sabana de Torres,2007,2.9,Sin riesgo,2.9,Sin riesgo,ND,ND
68655,Sabana de Torres,2008,1.1,Sin riesgo,1.1,Sin riesgo,ND,ND
68655,Sabana de Torres,2009,1.2,Sin riesgo,0.0,Sin riesgo,6.1,Riesgo bajo
68655,Sabana de Torres,2010,0.6,Sin riesgo,0.6,Sin riesgo,ND,ND
68655,Sabana de Torres,2011,21.1,Riesgo medio,11.1,Riesgo bajo,36.1,Riesgo alto
68655,Sabana de Torres,2012,6.9,Riesgo bajo,8.6,Riesgo bajo,1.1,Sin riesgo
68655,Sabana de Torres,2013,2.8,Sin riesgo,2.8,Sin riesgo,ND,ND
68655,Sabana de Torres,2014,7.7,Riesgo bajo,7.7,Riesgo bajo,ND,ND
68655,Sabana de Torres,2015,8.3,Riesgo bajo,7.2,Riesgo bajo,5.8,Riesgo bajo
68655,Sabana de Torres,2016,13.6,Riesgo bajo,13.4,Riesgo bajo,ND,ND
68655,Sabana de Torres,2017,6.1,Riesgo bajo,5.4,Riesgo bajo,ND,ND
68655,Sabana de Torres,2018,6.1,Riesgo bajo,6.1,Riesgo bajo,ND,ND
68655,Sabana de Torres,2019,3.7,Sin riesgo,8.2,Riesgo bajo,ND,ND
68655,Sabana de Torres,2020,3.4,Sin riesgo,ND,ND,3.4,Sin riesgo
68655,Sabana de Torres,2021,0.4,Sin riesgo,0.4,Sin riesgo,ND,ND
68655,Sabana de Torres,2022,4.4,Sin riesgo,4.4,Sin riesgo,ND,ND
68655,Sabana de Torres,2023,2.6,Sin riesgo,0.8,Sin riesgo,30.8,Riesgo medio
68669,San Andrés,2007,9.7,Riesgo bajo,9.7,Riesgo bajo,ND,ND
68669,San Andrés,2008,3.4,Sin riesgo,3.4,Sin riesgo,ND,ND
68669,San Andrés,2009,12.4,Riesgo bajo,18.0,Riesgo medio,8.5,Riesgo bajo
68669,San Andrés,2010,59.3,Riesgo alto,59.3,Riesgo alto,ND,ND
68669,San Andrés,2011,14.4,Riesgo medio,18.5,Riesgo medio,ND,ND
68669,San Andrés,2012,9,Riesgo bajo,9.8,Riesgo bajo,22.2,Riesgo medio
68669,San Andrés,2013,11,Riesgo bajo,5.7,Riesgo bajo,59.3,Riesgo alto
68669,San Andrés,2014,3.6,Sin riesgo,3.6,Sin riesgo,ND,ND
68669,San Andrés,2015,12.7,Riesgo bajo,9.3,Riesgo bajo,ND,ND
68669,San Andrés,2016,13.2,Riesgo bajo,13.2,Riesgo bajo,ND,ND
68669,San Andrés,2017,11,Riesgo bajo,11.0,Riesgo bajo,ND,ND
68669,San Andrés,2018,2.5,Sin riesgo,2.5,Sin riesgo,ND,ND
68669,San Andrés,2019,9.8,Riesgo bajo,ND,ND,ND,ND
68669,San Andrés,2020,0,Sin riesgo,ND,ND,0.0,Sin riesgo
68669,San Andrés,2021,2.5,Sin riesgo,2.5,Sin riesgo,ND,ND
68669,San Andrés,2022,4.2,Sin riesgo,4.2,Sin riesgo,ND,ND
68669,San Andrés,2023,2,Sin riesgo,2.0,Sin riesgo,ND,ND
68673,San Benito,2007,68.8,Riesgo alto,68.8,Riesgo alto,ND,ND
68673,San Benito,2008,68.3,Riesgo alto,68.3,Riesgo alto,ND,ND
68673,San Benito,2009,52.8,Riesgo alto,40.7,Riesgo alto,64.9,Riesgo alto
68673,San Benito,2011,77.9,Riesgo alto,77.9,Riesgo alto,ND,ND
68673,San Benito,2012,39.5,Riesgo alto,39.5,Riesgo alto,ND,ND
68673,San Benito,2013,47,Riesgo alto,47.0,Riesgo alto,ND,ND
68673,San Benito,2014,70.4,Riesgo alto,ND,ND,70.4,Riesgo alto
68673,San Benito,2015,27.1,Riesgo medio,ND,ND,27.1,Riesgo medio
68673,San Benito,2016,0,Sin riesgo,0.0,Sin riesgo,ND,ND
68673,San Benito,2017,49.6,Riesgo alto,49.6,Riesgo alto,ND,ND
68673,San Benito,2018,28,Riesgo medio,32.4,Riesgo medio,1.3,Sin riesgo
68673,San Benito,2019,31.6,Riesgo medio,0.0,Sin riesgo,ND,ND
68673,San Benito,2021,49.3,Riesgo alto,49.3,Riesgo alto,ND,ND
68673,San Benito,2022,25.2,Riesgo medio,25.2,Riesgo medio,ND,ND
68673,San Benito,2023,66.3,Riesgo alto,66.3,Riesgo alto,ND,ND
68679,San Gil,2007,0.1,Sin riesgo,0.1,Sin riesgo,ND,ND
68679,San Gil,2008,1.4,Sin riesgo,1.4,Sin riesgo,ND,ND
68679,San Gil,2009,4,Sin riesgo,0.5,Sin riesgo,18.8,Riesgo medio
68679,San Gil,2010,3.4,Sin riesgo,1.4,Sin riesgo,48.5,Riesgo alto
68679,San Gil,2011,0.7,Sin riesgo,0.7,Sin riesgo,ND,ND
68679,San Gil,2012,3.1,Sin riesgo,3.5,Sin riesgo,0.0,Sin riesgo
68679,San Gil,2013,3.7,Sin riesgo,3.8,Sin riesgo,0.0,Sin riesgo
68679,San Gil,2014,11.4,Riesgo bajo,11.4,Riesgo bajo,ND,ND
68679,San Gil,2015,2.7,Sin riesgo,2.7,Sin riesgo,ND,ND
68679,San Gil,2016,2.1,Sin riesgo,2.1,Sin riesgo,ND,ND
68679,San Gil,2017,0.7,Sin riesgo,0.7,Sin riesgo,ND,ND
68679,San Gil,2018,1.7,Sin riesgo,1.8,Sin riesgo,0.0,Sin riesgo
68679,San Gil,2019,0.3,Sin riesgo,0.0,Sin riesgo,ND,ND
68679,San Gil,2020,1.2,Sin riesgo,ND,ND,1.2,Sin riesgo
68679,San Gil,2021,3.6,Sin riesgo,3.6,Sin riesgo,ND,ND
68679,San Gil,2022,0.7,Sin riesgo,0.7,Sin riesgo,ND,ND
68679,San Gil,2023,3.1,Sin riesgo,3.1,Sin riesgo,ND,ND
68682,San Joaquín,2007,45.5,Riesgo alto,45.5,Riesgo alto,ND,ND
68682,San Joaquín,2008,89.9,Inviable sanitariamente,89.9,Inviable sanitariamente,ND,ND
68682,San Joaquín,2009,30.9,Riesgo medio,16.7,Riesgo medio,59.3,Riesgo alto
68682,San Joaquín,2010,59.3,Riesgo alto,59.3,Riesgo alto,59.3,Riesgo alto
68682,San Joaquín,2011,36,Riesgo alto,54.9,Riesgo alto,20.9,Riesgo medio
68682,San Joaquín,2012,5.9,Riesgo bajo,7.4,Riesgo bajo,0.0,Sin riesgo
68682,San Joaquín,2013,7,Riesgo bajo,5.7,Riesgo bajo,10.9,Riesgo bajo
68682,San Joaquín,2014,9.2,Riesgo bajo,9.2,Riesgo bajo,ND,ND
68682,San Joaquín,2015,5,Sin riesgo,5.0,Sin riesgo,ND,ND
68682,San Joaquín,2016,5.7,Riesgo bajo,5.7,Riesgo bajo,ND,ND
68682,San Joaquín,2017,11.7,Riesgo bajo,6.9,Riesgo bajo,ND,ND
68682,San Joaquín,2018,7.5,Riesgo bajo,7.5,Riesgo bajo,ND,ND
68682,San Joaquín,2019,5,Sin riesgo,0.0,Sin riesgo,ND,ND
68682,San Joaquín,2020,6.7,Riesgo bajo,ND,ND,6.7,Riesgo bajo
68682,San Joaquín,2021,2,Sin riesgo,2.0,Sin riesgo,ND,ND
68682,San Joaquín,2022,7.7,Riesgo bajo,7.7,Riesgo bajo,ND,ND
68682,San Joaquín,2023,3.7,Sin riesgo,3.7,Sin riesgo,ND,ND
68684,San José de Miranda,2007,27,Riesgo medio,26.3,Riesgo medio,37.5,Riesgo alto
68684,San José de Miranda,2008,22.4,Riesgo medio,22.4,Riesgo medio,ND,ND
68684,San José de Miranda,2009,11.9,Riesgo bajo,7.0,Riesgo bajo,29.8,Riesgo medio
68684,San José de Miranda,2010,60.5,Riesgo alto,60.5,Riesgo alto,ND,ND
68684,San José de Miranda,2011,5.1,Riesgo bajo,5.1,Riesgo bajo,ND,ND
68684,San José de Miranda,2012,18,Riesgo medio,18.0,Riesgo medio,ND,ND
68684,San José de Miranda,2013,27.6,Riesgo medio,27.6,Riesgo medio,ND,ND
68684,San José de Miranda,2014,20.6,Riesgo medio,20.6,Riesgo medio,ND,ND
68684,San José de Miranda,2015,14.7,Riesgo medio,14.7,Riesgo medio,ND,ND
68684,San José de Miranda,2016,9.9,Riesgo bajo,9.9,Riesgo bajo,ND,ND
68684,San José de Miranda,2017,10.9,Riesgo bajo,10.9,Riesgo bajo,ND,ND
68684,San José de Miranda,2018,12.7,Riesgo bajo,12.7,Riesgo bajo,ND,ND
68684,San José de Miranda,2019,2,Sin riesgo,2.0,Sin riesgo,ND,ND
68684,San José de Miranda,2020,13.8,Riesgo bajo,37.5,Riesgo alto,11.1,Riesgo bajo
68684,San José de Miranda,2021,0.2,Sin riesgo,0.2,Sin riesgo,ND,ND
68684,San José de Miranda,2022,13,Riesgo bajo,13.0,Riesgo bajo,ND,ND
68684,San José de Miranda,2023,41.9,Riesgo alto,41.9,Riesgo alto,ND,ND
68686,San Miguel,2007,7.4,Riesgo bajo,10.6,Riesgo bajo,3.6,Sin riesgo
68686,San Miguel,2008,40.6,Riesgo alto,41.9,Riesgo alto,36.7,Riesgo alto
68686,San Miguel,2009,29.5,Riesgo medio,17.4,Riesgo medio,41.7,Riesgo alto
68686,San Miguel,2010,16.2,Riesgo medio,0.0,Sin riesgo,ND,ND
68686,San Miguel,2011,13.9,Riesgo bajo,17.0,Riesgo medio,ND,ND
68686,San Miguel,2012,6.8,Riesgo bajo,10.9,Riesgo bajo,ND,ND
68686,San Miguel,2013,0.7,Sin riesgo,0.0,Sin riesgo,0.0,Sin riesgo
68686,San Miguel,2014,3.5,Sin riesgo,3.5,Sin riesgo,ND,ND
68686,San Miguel,2015,3.3,Sin riesgo,4.0,Sin riesgo,ND,ND
68686,San Miguel,2016,5.5,Riesgo bajo,3.9,Sin riesgo,ND,ND
68686,San Miguel,2017,6.4,Riesgo bajo,2.5,Sin riesgo,ND,ND
68686,San Miguel,2018,7.6,Riesgo bajo,7.6,Riesgo bajo,ND,ND
68686,San Miguel,2019,6,Riesgo bajo,22.2,Riesgo medio,ND,ND
68686,San Miguel,2020,21,Riesgo medio,ND,ND,21.0,Riesgo medio
68686,San Miguel,2021,0,Sin riesgo,0.0,Sin riesgo,ND,ND
68686,San Miguel,2022,0,Sin riesgo,0.0,Sin riesgo,ND,ND
68686,San Miguel,2023,0,Sin riesgo,0.0,Sin riesgo,ND,ND
68689,San Vicente de Chucurí,2007,47.2,Riesgo alto,43.1,Riesgo alto,55.0,Riesgo alto
68689,San Vicente de Chucurí,2008,28,Riesgo medio,28.0,Riesgo medio,ND,ND
68689,San Vicente de Chucurí,2009,44.4,Riesgo alto,26.5,Riesgo medio,50.9,Riesgo alto
68689,San Vicente de Chucurí,2010,59.3,Riesgo alto,54.9,Riesgo alto,63.7,Riesgo alto
68689,San Vicente de Chucurí,2011,24.6,Riesgo medio,8.0,Riesgo bajo,57.8,Riesgo alto
68689,San Vicente de Chucurí,2012,14.1,Riesgo medio,2.3,Sin riesgo,61.5,Riesgo alto
68689,San Vicente de Chucurí,2013,18.1,Riesgo medio,16.7,Riesgo medio,40.7,Riesgo alto
68689,San Vicente de Chucurí,2014,29.3,Riesgo medio,29.6,Riesgo medio,39.6,Riesgo alto
68689,San Vicente de Chucurí,2015,21.8,Riesgo medio,19.9,Riesgo medio,40.0,Riesgo alto
68689,San Vicente de Chucurí,2016,39.3,Riesgo alto,41.8,Riesgo alto,14.8,Riesgo medio
68689,San Vicente de Chucurí,2017,37.6,Riesgo alto,29.4,Riesgo medio,69.9,Riesgo alto
68689,San Vicente de Chucurí,2018,29.5,Riesgo medio,29.1,Riesgo medio,32.5,Riesgo medio
68689,San Vicente de Chucurí,2019,25.7,Riesgo medio,3.6,Sin riesgo,100.0,Inviable sanitariamente
68689,San Vicente de Chucurí,2020,33.6,Riesgo medio,1.4,Sin riesgo,58.0,Riesgo alto
68689,San Vicente de Chucurí,2021,26.1,Riesgo medio,25.1,Riesgo medio,28.9,Riesgo medio
68689,San Vicente de Chucurí,2022,31.7,Riesgo medio,ND,ND,31.7,Riesgo medio
68689,San Vicente de Chucurí,2023,24,Riesgo medio,15.4,Riesgo medio,38.0,Riesgo alto
68705,Santa Bárbara,2007,3.7,Sin riesgo,3.7,Sin riesgo,ND,ND
68705,Santa Bárbara,2008,5.4,Riesgo bajo,5.4,Riesgo bajo,ND,ND
68705,Santa Bárbara,2009,7.2,Riesgo bajo,6.1,Riesgo bajo,12.5,Riesgo bajo
68705,Santa Bárbara,2010,9.9,Riesgo bajo,12.1,Riesgo bajo,1.2,Sin riesgo
68705,Santa Bárbara,2011,20.8,Riesgo medio,20.8,Riesgo medio,ND,ND
68705,Santa Bárbara,2012,14.1,Riesgo medio,14.1,Riesgo medio,ND,ND
68705,Santa Bárbara,2013,8.6,Riesgo bajo,8.6,Riesgo bajo,ND,ND
68705,Santa Bárbara,2014,9.9,Riesgo bajo,9.9,Riesgo bajo,ND,ND
68705,Santa Bárbara,2015,14.6,Riesgo medio,14.2,Riesgo medio,ND,ND
68705,Santa Bárbara,2016,16.3,Riesgo medio,24.7,Riesgo medio,ND,ND
68705,Santa Bárbara,2017,8.8,Riesgo bajo,6.3,Riesgo bajo,ND,ND
68705,Santa Bárbara,2018,9.4,Riesgo bajo,9.4,Riesgo bajo,ND,ND
68705,Santa Bárbara,2019,0,Sin riesgo,0.0,Sin riesgo,ND,ND
68705,Santa Bárbara,2020,0,Sin riesgo,ND,ND,0.0,Sin riesgo
68705,Santa Bárbara,2021,0,Sin riesgo,0.0,Sin riesgo,ND,ND
68705,Santa Bárbara,2023,0,Sin riesgo,0.0,Sin riesgo,ND,ND
68720,Santa Helena del Opón,2007,23.8,Riesgo medio,23.8,Riesgo medio,ND,ND
68720,Santa Helena del Opón,2008,36.9,Riesgo alto,36.9,Riesgo alto,ND,ND
68720,Santa Helena del Opón,2009,0,Sin riesgo,ND,ND,0.0,Sin riesgo
68720,Santa Helena del Opón,2010,92.6,Inviable sanitariamente,ND,ND,92.6,Inviable sanitariamente
68720,Santa Helena del Opón,2013,62.6,Riesgo alto,62.6,Riesgo alto,ND,ND
68720,Santa Helena del Opón,2014,67.8,Riesgo alto,67.8,Riesgo alto,ND,ND
68720,Santa Helena del Opón,2015,65.8,Riesgo alto,65.8,Riesgo alto,ND,ND
68720,Santa Helena del Opón,2016,67,Riesgo alto,67.0,Riesgo alto,ND,ND
68720,Santa Helena del Opón,2017,15,Riesgo medio,15.0,Riesgo medio,ND,ND
68720,Santa Helena del Opón,2018,15.6,Riesgo medio,15.6,Riesgo medio,ND,ND
68720,Santa Helena del Opón,2019,12.5,Riesgo bajo,0.0,Sin riesgo,ND,ND
68720,Santa Helena del Opón,2020,5.4,Riesgo bajo,ND,ND,5.4,Riesgo bajo
68720,Santa Helena del Opón,2021,5.4,Riesgo bajo,5.4,Riesgo bajo,ND,ND
68720,Santa Helena del Opón,2022,5.8,Riesgo bajo,5.8,Riesgo bajo,ND,ND
68720,Santa Helena del Opón,2023,27.1,Riesgo medio,27.1,Riesgo medio,ND,ND
68745,Simacota,2007,0,Sin riesgo,0.0,Sin riesgo,ND,ND
68745,Simacota,2008,4.2,Sin riesgo,2.3,Sin riesgo,66.2,Riesgo alto
68745,Simacota,2009,0.1,Sin riesgo,0.1,Sin riesgo,0.0,Sin riesgo
68745,Simacota,2010,13.9,Riesgo bajo,0.0,Sin riesgo,55.6,Riesgo alto
68745,Simacota,2011,19.2,Riesgo medio,5.6,Riesgo bajo,52.0,Riesgo alto
68745,Simacota,2012,9,Riesgo bajo,0.7,Sin riesgo,42.1,Riesgo alto
68745,Simacota,2013,0.6,Sin riesgo,0.3,Sin riesgo,ND,ND
68745,Simacota,2014,0,Sin riesgo,0.0,Sin riesgo,ND,ND
68745,Simacota,2015,3.1,Sin riesgo,1.9,Sin riesgo,ND,ND
68745,Simacota,2016,0,Sin riesgo,0.0,Sin riesgo,ND,ND
68745,Simacota,2017,3,Sin riesgo,9.1,Riesgo bajo,ND,ND
68745,Simacota,2018,1.6,Sin riesgo,1.6,Sin riesgo,ND,ND
68745,Simacota,2019,0,Sin riesgo,0.0,Sin riesgo,ND,ND
68745,Simacota,2020,0,Sin riesgo,0.0,Sin riesgo,ND,ND
68745,Simacota,2021,0,Sin riesgo,0.0,Sin riesgo,ND,ND
68745,Simacota,2023,4.6,Sin riesgo,4.6,Sin riesgo,ND,ND
68755,Socorro,2007,11.1,Riesgo bajo,6.2,Riesgo bajo,48.6,Riesgo alto
68755,Socorro,2008,7,Riesgo bajo,6.8,Riesgo bajo,10.9,Riesgo bajo
68755,Socorro,2009,1.9,Sin riesgo,2.3,Sin riesgo,0.6,Sin riesgo
68755,Socorro,2010,5.4,Riesgo bajo,6.2,Riesgo bajo,0.0,Sin riesgo
68755,Socorro,2011,5,Sin riesgo,2.9,Sin riesgo,48.2,Riesgo alto
68755,Socorro,2012,7,Riesgo bajo,5.7,Riesgo bajo,23.1,Riesgo medio
68755,Socorro,2013,2.8,Sin riesgo,0.5,Sin riesgo,12.4,Riesgo bajo
68755,Socorro,2014,10.9,Riesgo bajo,11.2,Riesgo bajo,8.1,Riesgo bajo
68755,Socorro,2015,6.2,Riesgo bajo,5.8,Riesgo bajo,18.4,Riesgo medio
68755,Socorro,2016,10.5,Riesgo bajo,9.7,Riesgo bajo,17.7,Riesgo medio
68755,Socorro,2017,3.9,Sin riesgo,3.4,Sin riesgo,7.9,Riesgo bajo
68755,Socorro,2018,5.6,Riesgo bajo,2.1,Sin riesgo,31.5,Riesgo medio
68755,Socorro,2019,4.1,Sin riesgo,8.8,Riesgo bajo,20.3,Riesgo medio
68755,Socorro,2020,1.8,Sin riesgo,ND,ND,1.8,Sin riesgo
68755,Socorro,2021,0.1,Sin riesgo,0.1,Sin riesgo,ND,ND
68755,Socorro,2022,1.9,Sin riesgo,1.9,Sin riesgo,ND,ND
68755,Socorro,2023,2,Sin riesgo,2.0,Sin riesgo,ND,ND
68770,Suaita,2007,24.2,Riesgo medio,18.0,Riesgo medio,51.0,Riesgo alto
68770,Suaita,2008,35.4,Riesgo alto,33.8,Riesgo medio,67.2,Riesgo alto
68770,Suaita,2009,32.2,Riesgo medio,27.4,Riesgo medio,37.6,Riesgo alto
68770,Suaita,2010,10,Riesgo bajo,6.4,Riesgo bajo,13.6,Riesgo bajo
68770,Suaita,2011,20.9,Riesgo medio,20.1,Riesgo medio,21.9,Riesgo medio
68770,Suaita,2012,35.8,Riesgo alto,34.8,Riesgo medio,36.8,Riesgo alto
68770,Suaita,2013,39.7,Riesgo alto,34.6,Riesgo medio,51.0,Riesgo alto
68770,Suaita,2014,46.2,Riesgo alto,33.1,Riesgo medio,69.1,Riesgo alto
68770,Suaita,2015,16,Riesgo medio,18.0,Riesgo medio,ND,ND
68770,Suaita,2016,24.4,Riesgo medio,18.2,Riesgo medio,46.6,Riesgo alto
68770,Suaita,2017,40.3,Riesgo alto,26.0,Riesgo medio,71.6,Riesgo alto
68770,Suaita,2018,32.7,Riesgo medio,21.5,Riesgo medio,61.9,Riesgo alto
68770,Suaita,2019,41,Riesgo alto,96.4,Inviable sanitariamente,93.2,Inviable sanitariamente
68770,Suaita,2020,0,Sin riesgo,ND,ND,0.0,Sin riesgo
68770,Suaita,2021,31.9,Riesgo medio,23.5,Riesgo medio,48.6,Riesgo alto
68770,Suaita,2022,31.6,Riesgo medio,ND,ND,31.6,Riesgo medio
68770,Suaita,2023,21.6,Riesgo medio,11.3,Riesgo bajo,31.9,Riesgo medio
68773,Sucre,2007,44.4,Riesgo alto,53.1,Riesgo alto,35.8,Riesgo alto
68773,Sucre,2008,52.6,Riesgo alto,55.1,Riesgo alto,37.5,Riesgo alto
68773,Sucre,2009,36.5,Riesgo alto,36.5,Riesgo alto,ND,ND
68773,Sucre,2010,55.8,Riesgo alto,55.8,Riesgo alto,ND,ND
68773,Sucre,2011,39.1,Riesgo alto,39.1,Riesgo alto,ND,ND
68773,Sucre,2012,35.3,Riesgo alto,44.1,Riesgo alto,ND,ND
68773,Sucre,2013,23.7,Riesgo medio,18.4,Riesgo medio,ND,ND
68773,Sucre,2014,56.9,Riesgo alto,56.9,Riesgo alto,ND,ND
68773,Sucre,2015,42.6,Riesgo alto,35.1,Riesgo alto,ND,ND
68773,Sucre,2016,39.4,Riesgo alto,42.2,Riesgo alto,ND,ND
68773,Sucre,2017,28.1,Riesgo medio,28.6,Riesgo medio,ND,ND
68773,Sucre,2018,28.2,Riesgo medio,28.2,Riesgo medio,ND,ND
68773,Sucre,2019,58.2,Riesgo alto,97.3,Inviable sanitariamente,ND,ND
68773,Sucre,2020,49.5,Riesgo alto,49.5,Riesgo alto,ND,ND
68773,Sucre,2021,50.9,Riesgo alto,50.9,Riesgo alto,ND,ND
68773,Sucre,2022,26.9,Riesgo medio,26.9,Riesgo medio,ND,ND
68773,Sucre,2023,70.7,Riesgo alto,70.7,Riesgo alto,ND,ND
68780,Suratá,2007,13.4,Riesgo bajo,5.7,Riesgo bajo,38.4,Riesgo alto
68780,Suratá,2008,11.7,Riesgo bajo,11.7,Riesgo bajo,ND,ND
68780,Suratá,2009,6.6,Riesgo bajo,9.9,Riesgo bajo,0.0,Sin riesgo
68780,Suratá,2010,42.7,Riesgo alto,33.3,Riesgo medio,61.5,Riesgo alto
68780,Suratá,2011,34.6,Riesgo medio,33.6,Riesgo medio,43.6,Riesgo alto
68780,Suratá,2012,16.4,Riesgo medio,16.4,Riesgo medio,ND,ND
68780,Suratá,2013,22.1,Riesgo medio,22.1,Riesgo medio,ND,ND
68780,Suratá,2014,12.2,Riesgo bajo,12.2,Riesgo bajo,ND,ND
68780,Suratá,2015,23.3,Riesgo medio,18.5,Riesgo medio,31.1,Riesgo medio
68780,Suratá,2016,27.3,Riesgo medio,21.8,Riesgo medio,34.3,Riesgo medio
68780,Suratá,2017,5.6,Riesgo bajo,4.8,Sin riesgo,0.0,Sin riesgo
68780,Suratá,2018,16.5,Riesgo medio,16.5,Riesgo medio,ND,ND
68780,Suratá,2019,28.4,Riesgo medio,32.7,Riesgo medio,ND,ND
68780,Suratá,2020,5.4,Riesgo bajo,ND,ND,5.4,Riesgo bajo
68780,Suratá,2021,5.3,Riesgo bajo,5.3,Riesgo bajo,ND,ND
68780,Suratá,2022,0,Sin riesgo,0.0,Sin riesgo,ND,ND
68780,Suratá,2023,0,Sin riesgo,0.0,Sin riesgo,ND,ND
68820,Tona,2007,20.8,Riesgo medio,22.4,Riesgo medio,0.0,Sin riesgo
68820,Tona,2008,26.8,Riesgo medio,0.0,Sin riesgo,40.2,Riesgo alto
68820,Tona,2009,6.3,Riesgo bajo,6.3,Riesgo bajo,6.5,Riesgo bajo
68820,Tona,2010,0.6,Sin riesgo,0.4,Sin riesgo,1.2,Sin riesgo
68820,Tona,2011,4.4,Sin riesgo,4.9,Sin riesgo,0.0,Sin riesgo
68820,Tona,2012,18.2,Riesgo medio,18.2,Riesgo medio,ND,ND
68820,Tona,2013,4.8,Sin riesgo,4.8,Sin riesgo,ND,ND
68820,Tona,2014,17.8,Riesgo medio,17.8,Riesgo medio,ND,ND
68820,Tona,2015,16.3,Riesgo medio,15.2,Riesgo medio,42.9,Riesgo alto
68820,Tona,2016,3.7,Sin riesgo,4.5,Sin riesgo,ND,ND
68820,Tona,2017,7.3,Riesgo bajo,6.9,Riesgo bajo,ND,ND
68820,Tona,2018,10.2,Riesgo bajo,10.2,Riesgo bajo,ND,ND
68820,Tona,2019,11.8,Riesgo bajo,7.6,Riesgo bajo,ND,ND
68820,Tona,2020,0,Sin riesgo,ND,ND,0.0,Sin riesgo
68820,Tona,2021,2.1,Sin riesgo,2.1,Sin riesgo,ND,ND
68820,Tona,2022,9.2,Riesgo bajo,9.2,Riesgo bajo,ND,ND
68820,Tona,2023,20.3,Riesgo medio,19.0,Riesgo medio,32.3,Riesgo medio
68855,Valle de San José,2007,17.3,Riesgo medio,8.7,Riesgo bajo,86.4,Inviable sanitariamente
68855,Valle de San José,2008,14.8,Riesgo medio,3.3,Sin riesgo,69.4,Riesgo alto
68855,Valle de San José,2009,19.1,Riesgo medio,6.7,Riesgo bajo,34.7,Riesgo medio
68855,Valle de San José,2010,3.2,Sin riesgo,3.2,Sin riesgo,ND,ND
68855,Valle de San José,2011,12.6,Riesgo bajo,9.0,Riesgo bajo,59.3,Riesgo alto
68855,Valle de San José,2012,10.4,Riesgo bajo,9.6,Riesgo bajo,11.6,Riesgo bajo
68855,Valle de San José,2013,8.9,Riesgo bajo,11.2,Riesgo bajo,0.6,Sin riesgo
68855,Valle de San José,2014,4.8,Sin riesgo,2.9,Sin riesgo,3.3,Sin riesgo
68855,Valle de San José,2015,14.4,Riesgo medio,8.5,Riesgo bajo,ND,ND
68855,Valle de San José,2016,13.4,Riesgo bajo,13.6,Riesgo bajo,0.0,Sin riesgo
68855,Valle de San José,2017,4.8,Sin riesgo,4.4,Sin riesgo,0.0,Sin riesgo
68855,Valle de San José,2018,5.5,Riesgo bajo,5.5,Riesgo bajo,ND,ND
68855,Valle de San José,2019,2.2,Sin riesgo,0.0,Sin riesgo,ND,ND
68855,Valle de San José,2020,5.3,Riesgo bajo,ND,ND,5.3,Riesgo bajo
68855,Valle de San José,2021,16.6,Riesgo medio,16.6,Riesgo medio,ND,ND
68855,Valle de San José,2023,15.1,Riesgo medio,15.1,Riesgo medio,ND,ND
68861,Vélez,2007,25.8,Riesgo medio,25.0,Riesgo medio,ND,ND
68861,Vélez,2008,34.9,Riesgo medio,35.2,Riesgo alto,30.0,Riesgo medio
68861,Vélez,2009,35.1,Riesgo alto,15.0,Riesgo medio,55.3,Riesgo alto
68861,Vélez,2010,9.1,Riesgo bajo,0.0,Sin riesgo,18.2,Riesgo medio
68861,Vélez,2011,39.2,Riesgo alto,44.1,Riesgo alto,33.3,Riesgo medio
68861,Vélez,2012,20.1,Riesgo medio,21.7,Riesgo medio,0.0,Sin riesgo
68861,Vélez,2013,16.8,Riesgo medio,16.8,Riesgo medio,ND,ND
68861,Vélez,2014,23.9,Riesgo medio,23.9,Riesgo medio,ND,ND
68861,Vélez,2015,26.7,Riesgo medio,28.0,Riesgo medio,ND,ND
68861,Vélez,2016,4,Sin riesgo,4.0,Sin riesgo,ND,ND
68861,Vélez,2017,3.5,Sin riesgo,3.5,Sin riesgo,ND,ND
68861,Vélez,2018,3.7,Sin riesgo,3.7,Sin riesgo,ND,ND
68861,Vélez,2019,1.3,Sin riesgo,2.0,Sin riesgo,ND,ND
68861,Vélez,2020,0,Sin riesgo,0.0,Sin riesgo,0.0,Sin riesgo
68861,Vélez,2021,0,Sin riesgo,0.0,Sin riesgo,ND,ND
68861,Vélez,2022,0,Sin riesgo,0.0,Sin riesgo,ND,ND
68861,Vélez,2023,4.4,Sin riesgo,4.4,Sin riesgo,ND,ND
68867,Vetas,2007,24.7,Riesgo medio,24.7,Riesgo medio,ND,ND
68867,Vetas,2008,38.1,Riesgo alto,38.1,Riesgo alto,ND,ND
68867,Vetas,2009,10.7,Riesgo bajo,9.8,Riesgo bajo,18.2,Riesgo medio
68867,Vetas,2010,68.5,Riesgo alto,68.5,Riesgo alto,ND,ND
68867,Vetas,2011,37.7,Riesgo alto,37.7,Riesgo alto,ND,ND
68867,Vetas,2012,12.1,Riesgo bajo,12.1,Riesgo bajo,ND,ND
68867,Vetas,2013,10.2,Riesgo bajo,10.2,Riesgo bajo,ND,ND
68867,Vetas,2014,10.1,Riesgo bajo,12.1,Riesgo bajo,ND,ND
68867,Vetas,2015,43.2,Riesgo alto,36.5,Riesgo alto,ND,ND
68867,Vetas,2016,28.6,Riesgo medio,28.6,Riesgo medio,ND,ND
68867,Vetas,2017,34,Riesgo medio,39.3,Riesgo alto,ND,ND
68867,Vetas,2018,12.3,Riesgo bajo,12.3,Riesgo bajo,ND,ND
68867,Vetas,2019,17.7,Riesgo medio,44.2,Riesgo alto,ND,ND
68867,Vetas,2020,0,Sin riesgo,0.0,Sin riesgo,0.0,Sin riesgo
68867,Vetas,2021,23.2,Riesgo medio,23.2,Riesgo medio,ND,ND
68867,Vetas,2022,51.7,Riesgo alto,51.7,Riesgo alto,ND,ND
68867,Vetas,2023,52.2,Riesgo alto,52.2,Riesgo alto,ND,ND
68872,Villanueva,2007,15.5,Riesgo medio,15.5,Riesgo medio,ND,ND
68872,Villanueva,2008,28.9,Riesgo medio,28.9,Riesgo medio,ND,ND
68872,Villanueva,2009,4.7,Sin riesgo,4.7,Sin riesgo,ND,ND
68872,Villanueva,2010,14.9,Riesgo medio,14.9,Riesgo medio,ND,ND
68872,Villanueva,2011,13.1,Riesgo bajo,13.1,Riesgo bajo,ND,ND
68872,Villanueva,2012,14.3,Riesgo medio,14.3,Riesgo medio,ND,ND
68872,Villanueva,2013,6.6,Riesgo bajo,6.6,Riesgo bajo,ND,ND
68872,Villanueva,2014,1.9,Sin riesgo,1.9,Sin riesgo,ND,ND
68872,Villanueva,2015,2.7,Sin riesgo,2.7,Sin riesgo,ND,ND
68872,Villanueva,2016,3.9,Sin riesgo,3.9,Sin riesgo,ND,ND
68872,Villanueva,2017,5.6,Riesgo bajo,5.6,Riesgo bajo,ND,ND
68872,Villanueva,2018,2.8,Sin riesgo,2.8,Sin riesgo,ND,ND
68872,Villanueva,2019,3.6,Sin riesgo,0.0,Sin riesgo,ND,ND
68872,Villanueva,2020,0,Sin riesgo,ND,ND,0.0,Sin riesgo
68872,Villanueva,2021,7.1,Riesgo bajo,7.1,Riesgo bajo,ND,ND
68872,Villanueva,2022,9.3,Riesgo bajo,5.6,Riesgo bajo,53.7,Riesgo alto
68872,Villanueva,2023,28,Riesgo medio,3.7,Sin riesgo,94.6,Inviable sanitariamente
68895,Zapatoca,2007,10.9,Riesgo bajo,8.6,Riesgo bajo,34.1,Riesgo medio
68895,Zapatoca,2008,5.8,Riesgo bajo,5.8,Riesgo bajo,ND,ND
68895,Zapatoca,2009,22.5,Riesgo medio,14.9,Riesgo medio,52.8,Riesgo alto
68895,Zapatoca,2010,49.9,Riesgo alto,0.0,Sin riesgo,74.8,Riesgo alto
68895,Zapatoca,2011,32.7,Riesgo medio,20.5,Riesgo medio,52.9,Riesgo alto
68895,Zapatoca,2012,6.1,Riesgo bajo,6.1,Riesgo bajo,ND,ND
68895,Zapatoca,2013,15,Riesgo medio,15.0,Riesgo medio,ND,ND
68895,Zapatoca,2014,19.5,Riesgo medio,13.5,Riesgo bajo,37.6,Riesgo alto
68895,Zapatoca,2015,2.7,Sin riesgo,2.7,Sin riesgo,ND,ND
68895,Zapatoca,2016,19.6,Riesgo medio,19.6,Riesgo medio,ND,ND
68895,Zapatoca,2017,10.9,Riesgo bajo,10.9,Riesgo bajo,ND,ND
68895,Zapatoca,2018,27,Riesgo medio,2.2,Sin riesgo,71.5,Riesgo alto
68895,Zapatoca,2019,7.4,Riesgo bajo,7.4,Riesgo bajo,ND,ND
68895,Zapatoca,2020,0,Sin riesgo,ND,ND,0.0,Sin riesgo
68895,Zapatoca,2021,10,Riesgo bajo,10.0,Riesgo bajo,ND,ND
68895,Zapatoca,2023,12.2,Riesgo bajo,8.2,Riesgo bajo,43.9,Riesgo alto
#TODOS,#TODOS,2007,20.7,Riesgo medio,18.8,Riesgo medio,42.0,Riesgo alto
#TODOS,#TODOS,2008,19.4,Riesgo medio,17.1,Riesgo medio,41.7,Riesgo alto
#TODOS,#TODOS,2009,18,Riesgo medio,13.0,Riesgo bajo,29.7,Riesgo medio
#TODOS,#TODOS,2010,18.5,Riesgo medio,14.9,Riesgo medio,36.5,Riesgo alto
#TODOS,#TODOS,2011,16.2,Riesgo medio,13.7,Riesgo bajo,33.9,Riesgo medio
#TODOS,#TODOS,2012,11.5,Riesgo bajo,10.7,Riesgo bajo,18.2,Riesgo medio
#TODOS,#TODOS,2013,7.8,Riesgo bajo,6.6,Riesgo bajo,20.1,Riesgo medio
#TODOS,#TODOS,2014,9.9,Riesgo bajo,9.1,Riesgo bajo,20.5,Riesgo medio
#TODOS,#TODOS,2015,9.5,Riesgo bajo,8.9,Riesgo bajo,12.1,Riesgo bajo
#TODOS,#TODOS,2016,12.8,Riesgo bajo,13.1,Riesgo bajo,13.6,Riesgo bajo
#TODOS,#TODOS,2017,9.5,Riesgo bajo,8.2,Riesgo bajo,19.0,Riesgo medio
#TODOS,#TODOS,2018,6.7,Riesgo bajo,6.6,Riesgo bajo,8.1,Riesgo bajo
#TODOS,#TODOS,2019,7.7,Riesgo bajo,4.5,Sin riesgo,9.4,Riesgo bajo
#TODOS,#TODOS,2020,7,Riesgo bajo,4.1,Sin riesgo,8.2,Riesgo bajo
#TODOS,#TODOS,2021,6.2,Riesgo bajo,6.4,Riesgo bajo,4.7,Sin riesgo
#TODOS,#TODOS,2022,6.8,Riesgo bajo,6.0,Riesgo bajo,14.6,Riesgo medio
#TODOS,#TODOS,2023,8,Riesgo bajo,6.5,Riesgo bajo,30.3,Riesgo medio
#TODOS,#TODOS,2024,8.2,Bajo riesgo,6.8,Bajo riesgo,24.1,Riesgo medio
68001,Bucaramanga,2024,1.5,Sin riesgo,1.5,Sin riesgo,ND,ND
68013,Aguada,2024,34.6,Riesgo medio,34.6,Riesgo medio,ND,ND
68020,Albania,2024,0,Sin riesgo,0,Sin riesgo,ND,ND
68051,Aratoca,2024,7.9,Bajo riesgo,7.9,Bajo riesgo,ND,ND
68077,Barbosa,2024,10.1,Bajo riesgo,10.6,Bajo riesgo,0,Sin riesgo
68079,Barichara,2024,39,Alto riesgo,23.2,Riesgo medio,94,Inviable sanitariamente
68081,Barrancabermeja,2024,0.9,Sin riesgo,0.9,Sin riesgo,ND,ND
68092,Betulia,2024,0,Sin riesgo,0,Sin riesgo,0,Sin riesgo
68101,Bolívar,2024,0.5,Sin riesgo,0.5,Sin riesgo,ND,ND
68121,Cabrera,2024,13.1,Bajo riesgo,13.1,Bajo riesgo,ND,ND
68132,California,2024,5.3,Bajo riesgo,5.3,Bajo riesgo,ND,ND
68147,Capitanejo,2024,26.3,Riesgo medio,26.3,Riesgo medio,ND,ND
68152,Carcasí,2024,34.4,Riesgo medio,34.4,Riesgo medio,ND,ND
68160,Cepitá,2024,0.5,Sin riesgo,0.5,Sin riesgo,ND,ND
68162,Cerrito,2024,10.4,Bajo riesgo,10.4,Bajo riesgo,ND,ND
68167,Charalá,2024,2.8,Sin riesgo,2.8,Sin riesgo,ND,ND
68169,Charta,2024,25.9,Riesgo medio,25.9,Riesgo medio,ND,ND
68176,Chima,2024,0.3,Sin riesgo,0.3,Sin riesgo,ND,ND
68179,Chipatá,2024,17.7,Riesgo medio,17.7,Riesgo medio,ND,ND
68190,Cimitarra,2024,1.7,Sin riesgo,1.9,Sin riesgo,0,Sin riesgo
68207,Concepción,2024,4.5,Sin riesgo,4.5,Sin riesgo,ND,ND
68209,Confines,2024,11.9,Bajo riesgo,11.9,Bajo riesgo,ND,ND
68211,Contratación,2024,27.9,Riesgo medio,27.9,Riesgo medio,ND,ND
68217,Coromoro,2024,0,Sin riesgo,0,Sin riesgo,ND,ND
68229,Curití,2024,10.9,Bajo riesgo,17.1,Riesgo medio,0,Sin riesgo
68235,El Carmen de Chucurí,2024,18.3,Riesgo medio,4,Sin riesgo,46.9,Alto riesgo
68245,El Guacamayo,2024,47.4,Alto riesgo,47.4,Alto riesgo,ND,ND
68250,El Peñón,2024,34,Riesgo medio,34,Riesgo medio,ND,ND
68255,El Playón,2024,32.6,Riesgo medio,23.9,Riesgo medio,84.9,Inviable sanitariamente
68264,Encino,2024,4.6,Sin riesgo,4.6,Sin riesgo,ND,ND
68266,Enciso,2024,8.7,Bajo riesgo,11.1,Bajo riesgo,1.5,Sin riesgo
68271,Florián,2024,0,Sin riesgo,0,Sin riesgo,ND,ND
68276,Floridablanca,2024,0,Sin riesgo,0,Sin riesgo,0,Sin riesgo
68296,Galán,2024,4.9,Sin riesgo,4.9,Sin riesgo,ND,ND
68298,Gámbita,2024,22.9,Riesgo medio,22.9,Riesgo medio,ND,ND
68307,Girón,2024,1.7,Sin riesgo,1.3,Sin riesgo,2.5,Sin riesgo
68318,Guaca,2024,11.2,Bajo riesgo,11.2,Bajo riesgo,ND,ND
68320,Guadalupe,2024,21.3,Riesgo medio,21.3,Riesgo medio,ND,ND
68322,Guapotá,2024,13,Bajo riesgo,13,Bajo riesgo,ND,ND
68324,Guavatá,2024,7,Bajo riesgo,7,Bajo riesgo,ND,ND
68327,Güepsa,2024,0,Sin riesgo,0,Sin riesgo,ND,ND
68344,Hato,2024,11.2,Bajo riesgo,11.2,Bajo riesgo,ND,ND
68368,Jesús María,2024,17.7,Riesgo medio,17.7,Riesgo medio,ND,ND
68370,Jordán,2024,74.4,Alto riesgo,ND,ND,74.4,Alto riesgo
68377,La Belleza,2024,0,Sin riesgo,0,Sin riesgo,ND,ND
68385,Landázuri,2024,9,Bajo riesgo,9,Bajo riesgo,ND,ND
68397,La Paz,2024,0,Sin riesgo,0,Sin riesgo,ND,ND
68406,Lebrija,2024,2.4,Sin riesgo,1.8,Sin riesgo,13.6,Bajo riesgo
68418,Los Santos,2024,3,Sin riesgo,3,Sin riesgo,ND,ND
68425,Macaravita,2024,29.6,Riesgo medio,29.6,Riesgo medio,ND,ND
68432,Málaga,2024,2,Sin riesgo,2,Sin riesgo,ND,ND
68444,Matanza,2024,19.9,Riesgo medio,19.9,Riesgo medio,ND,ND
68464,Mogotes,2024,0,Sin riesgo,0,Sin riesgo,ND,ND
68468,Molagavita,2024,17.6,Riesgo medio,17.6,Riesgo medio,ND,ND
68498,Ocamonte,2024,0,Sin riesgo,0,Sin riesgo,ND,ND
68500,Oiba,2024,1.5,Sin riesgo,1.5,Sin riesgo,ND,ND
68502,Onzaga,2024,0,Sin riesgo,0,Sin riesgo,ND,ND
68522,Palmar,2024,13.2,Bajo riesgo,13.2,Bajo riesgo,ND,ND
68524,Palmas del Socorro,2024,22.4,Riesgo medio,0,Sin riesgo,32.3,Riesgo medio
68533,Páramo,2024,21.6,Riesgo medio,21.6,Riesgo medio,ND,ND
68549,Pinchote,2024,0,Sin riesgo,0,Sin riesgo,ND,ND
68572,Puente Nacional,2024,4.8,Sin riesgo,0.4,Sin riesgo,22.4,Riesgo medio
68573,Puerto Parra,2024,12.4,Bajo riesgo,12.8,Bajo riesgo,11.4,Bajo riesgo
68575,Puerto Wilches,2024,20.5,Riesgo medio,20.5,Riesgo medio,ND,ND
68615,Rionegro,2024,19.2,Riesgo medio,11.2,Bajo riesgo,67.4,Alto riesgo
68655,Sabana de Torres,2024,5.1,Bajo riesgo,5.6,Bajo riesgo,0,Sin riesgo
68669,San Andrés,2024,5.6,Bajo riesgo,5.6,Bajo riesgo,ND,ND
68673,San Benito,2024,93.9,Inviable sanitariamente,93.9,Inviable sanitariamente,ND,ND
68679,San Gil,2024,0.8,Sin riesgo,0.8,Sin riesgo,ND,ND
68682,San Joaquín,2024,6,Bajo riesgo,6,Bajo riesgo,ND,ND
68684,San José de Miranda,2024,24.3,Riesgo medio,24.3,Riesgo medio,ND,ND
68686,San Miguel,2024,2.3,Sin riesgo,2.3,Sin riesgo,ND,ND
68689,San Vicente de Chucurí,2024,21.4,Riesgo medio,16.4,Riesgo medio,29.2,Riesgo medio
68705,Santa Bárbara,2024,0,Sin riesgo,0,Sin riesgo,ND,ND
68720,Santa Helena del Opón,2024,46.5,Alto riesgo,46.5,Alto riesgo,ND,ND
68745,Simacota,2024,0,Sin riesgo,0,Sin riesgo,ND,ND
68755,Socorro,2024,3.6,Sin riesgo,3.6,Sin riesgo,ND,ND
68770,Suaita,2024,22.6,Riesgo medio,0,Sin riesgo,33.9,Riesgo medio
68773,Sucre,2024,52.4,Alto riesgo,52.4,Alto riesgo,ND,ND
68780,Suratá,2024,5.2,Bajo riesgo,5.2,Bajo riesgo,ND,ND
68820,Tona,2024,17.5,Riesgo medio,0,Sin riesgo,52.6,Alto riesgo
68855,Valle de San José,2024,23.8,Riesgo medio,23.8,Riesgo medio,ND,ND
68861,Vélez,2024,5.3,Bajo riesgo,5.3,Bajo riesgo,ND,ND
68867,Vetas,2024,33.8,Riesgo medio,33.8,Riesgo medio,ND,ND
68872,Villanueva,2024,25.8,Riesgo medio,18.4,Riesgo medio,92.4,Inviable sanitariamente
68895,Zapatoca,2024,21,Riesgo medio,20.3,Riesgo medio,30.2,Riesgo medio
